condition_id,tokenizer,vocab_budget,scope,domain,language,status,bytes_per_token,byte_fallback_percent,tokens,actual_vocab_size,training_seconds,classification,dominators,exact_ties,timing_sensitivity_fraction
sp_unigram-8192,sp_unigram,8192,aggregate,,,complete,3.3309065876757478,0.463098168467604,47938,8192,37.834285799995996,non_dominated,[],[],0.0
boundary_bpe-8192,boundary_bpe,8192,aggregate,,,complete,3.098298309952073,0.43075848419582047,51537,8192,53.92111880000448,non_dominated,[],[],0.0
uniq_superbpe_r64-8192,uniq_superbpe_r64,8192,aggregate,,,complete,3.135040150786327,18.347633165138514,50933,8192,157.98209089998272,dominated,"[""sp_unigram-8192""]",[],0.0
sp_unigram-16384,sp_unigram,16384,aggregate,,,complete,3.959850213272493,0.5505406209701419,40324,16384,35.15026740002213,non_dominated,[],[],0.0
boundary_bpe-16384,boundary_bpe,16384,aggregate,,,complete,3.595438067145527,0.499876156807998,44411,16384,81.80001249999623,non_dominated,[],[],0.0
uniq_superbpe_r64-16384,uniq_superbpe_r64,16384,aggregate,,,complete,4.039898798228969,8.79696394686907,39525,16384,164.34531380000408,non_dominated,[],[],0.0
sp_unigram-32768,sp_unigram,32768,aggregate,,,complete,4.546352713399009,0.6320824554410341,35122,32768,23.030076499999268,non_dominated,[],[],0.0
boundary_bpe-32768,boundary_bpe,32768,aggregate,,,complete,3.944784821384456,0.5484460694698354,40478,32768,111.00910029999795,non_dominated,[],[],0.0
uniq_superbpe_r64-32768,uniq_superbpe_r64,32768,aggregate,,,complete,4.539502487562189,5.8450604122245915,35175,32768,177.08818469999824,dominated,"[""sp_unigram-32768""]",[],0.0
sp_unigram-65536,sp_unigram,65536,aggregate,,,complete,5.358828069939927,0.7450414471255495,29797,65536,12.838991500000702,non_dominated,[],[],0.0
boundary_bpe-65536,boundary_bpe,65536,aggregate,,,complete,4.199705425948817,0.5838878514505141,38021,65536,110.46809020001092,non_dominated,[],[],0.0
uniq_superbpe_r64-65536,uniq_superbpe_r64,65536,aggregate,,,complete,4.8995704203743475,4.314206811905493,32590,65536,164.48556890001055,dominated,"[""sp_unigram-65536""]",[],0.0
boundary_bpe-131072,boundary_bpe,131072,aggregate,,,complete,4.3643097274988385,0.606772897477246,36587,131072,146.1055148000014,non_dominated,[],[],0.0
uniq_superbpe_r64-131072,uniq_superbpe_r64,131072,aggregate,,,complete,4.865827645051194,3.6689419795221845,32816,131072,204.2958939000091,dominated,"[""sp_unigram-65536""]",[],0.0
sp_unigram-131072,sp_unigram,131072,aggregate,,,budget_not_reached,,,,,,not_classified_missing_condition,[],[],0.0
sp_unigram-8192,sp_unigram,8192,aggregate,,,complete,3.3309065876757478,0.463098168467604,47938,8192,37.834285799995996,non_dominated,[],[],0.01
boundary_bpe-8192,boundary_bpe,8192,aggregate,,,complete,3.098298309952073,0.43075848419582047,51537,8192,53.92111880000448,non_dominated,[],[],0.01
uniq_superbpe_r64-8192,uniq_superbpe_r64,8192,aggregate,,,complete,3.135040150786327,18.347633165138514,50933,8192,157.98209089998272,dominated,"[""sp_unigram-8192""]",[],0.01
sp_unigram-16384,sp_unigram,16384,aggregate,,,complete,3.959850213272493,0.5505406209701419,40324,16384,35.15026740002213,non_dominated,[],[],0.01
boundary_bpe-16384,boundary_bpe,16384,aggregate,,,complete,3.595438067145527,0.499876156807998,44411,16384,81.80001249999623,non_dominated,[],[],0.01
uniq_superbpe_r64-16384,uniq_superbpe_r64,16384,aggregate,,,complete,4.039898798228969,8.79696394686907,39525,16384,164.34531380000408,non_dominated,[],[],0.01
sp_unigram-32768,sp_unigram,32768,aggregate,,,complete,4.546352713399009,0.6320824554410341,35122,32768,23.030076499999268,non_dominated,[],[],0.01
boundary_bpe-32768,boundary_bpe,32768,aggregate,,,complete,3.944784821384456,0.5484460694698354,40478,32768,111.00910029999795,non_dominated,[],[],0.01
uniq_superbpe_r64-32768,uniq_superbpe_r64,32768,aggregate,,,complete,4.539502487562189,5.8450604122245915,35175,32768,177.08818469999824,dominated,"[""sp_unigram-32768""]",[],0.01
sp_unigram-65536,sp_unigram,65536,aggregate,,,complete,5.358828069939927,0.7450414471255495,29797,65536,12.838991500000702,non_dominated,[],[],0.01
boundary_bpe-65536,boundary_bpe,65536,aggregate,,,complete,4.199705425948817,0.5838878514505141,38021,65536,110.46809020001092,non_dominated,[],[],0.01
uniq_superbpe_r64-65536,uniq_superbpe_r64,65536,aggregate,,,complete,4.8995704203743475,4.314206811905493,32590,65536,164.48556890001055,dominated,"[""sp_unigram-65536""]",[],0.01
boundary_bpe-131072,boundary_bpe,131072,aggregate,,,complete,4.3643097274988385,0.606772897477246,36587,131072,146.1055148000014,non_dominated,[],[],0.01
uniq_superbpe_r64-131072,uniq_superbpe_r64,131072,aggregate,,,complete,4.865827645051194,3.6689419795221845,32816,131072,204.2958939000091,dominated,"[""sp_unigram-65536""]",[],0.01
sp_unigram-131072,sp_unigram,131072,aggregate,,,budget_not_reached,,,,,,not_classified_missing_condition,[],[],0.01
sp_unigram-8192,sp_unigram,8192,aggregate,,,complete,3.3309065876757478,0.463098168467604,47938,8192,37.834285799995996,non_dominated,[],[],0.05
boundary_bpe-8192,boundary_bpe,8192,aggregate,,,complete,3.098298309952073,0.43075848419582047,51537,8192,53.92111880000448,non_dominated,[],[],0.05
uniq_superbpe_r64-8192,uniq_superbpe_r64,8192,aggregate,,,complete,3.135040150786327,18.347633165138514,50933,8192,157.98209089998272,dominated,"[""sp_unigram-8192""]",[],0.05
sp_unigram-16384,sp_unigram,16384,aggregate,,,complete,3.959850213272493,0.5505406209701419,40324,16384,35.15026740002213,non_dominated,[],[],0.05
boundary_bpe-16384,boundary_bpe,16384,aggregate,,,complete,3.595438067145527,0.499876156807998,44411,16384,81.80001249999623,non_dominated,[],[],0.05
uniq_superbpe_r64-16384,uniq_superbpe_r64,16384,aggregate,,,complete,4.039898798228969,8.79696394686907,39525,16384,164.34531380000408,non_dominated,[],[],0.05
sp_unigram-32768,sp_unigram,32768,aggregate,,,complete,4.546352713399009,0.6320824554410341,35122,32768,23.030076499999268,non_dominated,[],[],0.05
boundary_bpe-32768,boundary_bpe,32768,aggregate,,,complete,3.944784821384456,0.5484460694698354,40478,32768,111.00910029999795,non_dominated,[],[],0.05
uniq_superbpe_r64-32768,uniq_superbpe_r64,32768,aggregate,,,complete,4.539502487562189,5.8450604122245915,35175,32768,177.08818469999824,dominated,"[""sp_unigram-32768""]",[],0.05
sp_unigram-65536,sp_unigram,65536,aggregate,,,complete,5.358828069939927,0.7450414471255495,29797,65536,12.838991500000702,non_dominated,[],[],0.05
boundary_bpe-65536,boundary_bpe,65536,aggregate,,,complete,4.199705425948817,0.5838878514505141,38021,65536,110.46809020001092,non_dominated,[],[],0.05
uniq_superbpe_r64-65536,uniq_superbpe_r64,65536,aggregate,,,complete,4.8995704203743475,4.314206811905493,32590,65536,164.48556890001055,dominated,"[""sp_unigram-65536""]",[],0.05
boundary_bpe-131072,boundary_bpe,131072,aggregate,,,complete,4.3643097274988385,0.606772897477246,36587,131072,146.1055148000014,non_dominated,[],[],0.05
uniq_superbpe_r64-131072,uniq_superbpe_r64,131072,aggregate,,,complete,4.865827645051194,3.6689419795221845,32816,131072,204.2958939000091,dominated,"[""sp_unigram-65536""]",[],0.05
sp_unigram-131072,sp_unigram,131072,aggregate,,,budget_not_reached,,,,,,not_classified_missing_condition,[],[],0.05
sp_unigram-8192,sp_unigram,8192,domain,flores200,,complete,3.3309065876757478,0.463098168467604,47938,8192,37.834285799995996,non_dominated,[],[],0.0
boundary_bpe-8192,boundary_bpe,8192,domain,flores200,,complete,3.098298309952073,0.43075848419582047,51537,8192,53.92111880000448,non_dominated,[],[],0.0
uniq_superbpe_r64-8192,uniq_superbpe_r64,8192,domain,flores200,,complete,3.135040150786327,18.347633165138514,50933,8192,157.98209089998272,dominated,"[""sp_unigram-8192""]",[],0.0
sp_unigram-16384,sp_unigram,16384,domain,flores200,,complete,3.959850213272493,0.5505406209701419,40324,16384,35.15026740002213,non_dominated,[],[],0.0
boundary_bpe-16384,boundary_bpe,16384,domain,flores200,,complete,3.595438067145527,0.499876156807998,44411,16384,81.80001249999623,non_dominated,[],[],0.0
uniq_superbpe_r64-16384,uniq_superbpe_r64,16384,domain,flores200,,complete,4.039898798228969,8.79696394686907,39525,16384,164.34531380000408,non_dominated,[],[],0.0
sp_unigram-32768,sp_unigram,32768,domain,flores200,,complete,4.546352713399009,0.6320824554410341,35122,32768,23.030076499999268,non_dominated,[],[],0.0
boundary_bpe-32768,boundary_bpe,32768,domain,flores200,,complete,3.944784821384456,0.5484460694698354,40478,32768,111.00910029999795,non_dominated,[],[],0.0
uniq_superbpe_r64-32768,uniq_superbpe_r64,32768,domain,flores200,,complete,4.539502487562189,5.8450604122245915,35175,32768,177.08818469999824,dominated,"[""sp_unigram-32768""]",[],0.0
sp_unigram-65536,sp_unigram,65536,domain,flores200,,complete,5.358828069939927,0.7450414471255495,29797,65536,12.838991500000702,non_dominated,[],[],0.0
boundary_bpe-65536,boundary_bpe,65536,domain,flores200,,complete,4.199705425948817,0.5838878514505141,38021,65536,110.46809020001092,non_dominated,[],[],0.0
uniq_superbpe_r64-65536,uniq_superbpe_r64,65536,domain,flores200,,complete,4.8995704203743475,4.314206811905493,32590,65536,164.48556890001055,dominated,"[""sp_unigram-65536""]",[],0.0
boundary_bpe-131072,boundary_bpe,131072,domain,flores200,,complete,4.3643097274988385,0.606772897477246,36587,131072,146.1055148000014,non_dominated,[],[],0.0
uniq_superbpe_r64-131072,uniq_superbpe_r64,131072,domain,flores200,,complete,4.865827645051194,3.6689419795221845,32816,131072,204.2958939000091,dominated,"[""sp_unigram-65536""]",[],0.0
sp_unigram-131072,sp_unigram,131072,domain,flores200,,budget_not_reached,,,,,,not_classified_missing_condition,[],[],0.0
sp_unigram-8192,sp_unigram,8192,domain,flores200,,complete,3.3309065876757478,0.463098168467604,47938,8192,37.834285799995996,non_dominated,[],[],0.01
boundary_bpe-8192,boundary_bpe,8192,domain,flores200,,complete,3.098298309952073,0.43075848419582047,51537,8192,53.92111880000448,non_dominated,[],[],0.01
uniq_superbpe_r64-8192,uniq_superbpe_r64,8192,domain,flores200,,complete,3.135040150786327,18.347633165138514,50933,8192,157.98209089998272,dominated,"[""sp_unigram-8192""]",[],0.01
sp_unigram-16384,sp_unigram,16384,domain,flores200,,complete,3.959850213272493,0.5505406209701419,40324,16384,35.15026740002213,non_dominated,[],[],0.01
boundary_bpe-16384,boundary_bpe,16384,domain,flores200,,complete,3.595438067145527,0.499876156807998,44411,16384,81.80001249999623,non_dominated,[],[],0.01
uniq_superbpe_r64-16384,uniq_superbpe_r64,16384,domain,flores200,,complete,4.039898798228969,8.79696394686907,39525,16384,164.34531380000408,non_dominated,[],[],0.01
sp_unigram-32768,sp_unigram,32768,domain,flores200,,complete,4.546352713399009,0.6320824554410341,35122,32768,23.030076499999268,non_dominated,[],[],0.01
boundary_bpe-32768,boundary_bpe,32768,domain,flores200,,complete,3.944784821384456,0.5484460694698354,40478,32768,111.00910029999795,non_dominated,[],[],0.01
uniq_superbpe_r64-32768,uniq_superbpe_r64,32768,domain,flores200,,complete,4.539502487562189,5.8450604122245915,35175,32768,177.08818469999824,dominated,"[""sp_unigram-32768""]",[],0.01
sp_unigram-65536,sp_unigram,65536,domain,flores200,,complete,5.358828069939927,0.7450414471255495,29797,65536,12.838991500000702,non_dominated,[],[],0.01
boundary_bpe-65536,boundary_bpe,65536,domain,flores200,,complete,4.199705425948817,0.5838878514505141,38021,65536,110.46809020001092,non_dominated,[],[],0.01
uniq_superbpe_r64-65536,uniq_superbpe_r64,65536,domain,flores200,,complete,4.8995704203743475,4.314206811905493,32590,65536,164.48556890001055,dominated,"[""sp_unigram-65536""]",[],0.01
boundary_bpe-131072,boundary_bpe,131072,domain,flores200,,complete,4.3643097274988385,0.606772897477246,36587,131072,146.1055148000014,non_dominated,[],[],0.01
uniq_superbpe_r64-131072,uniq_superbpe_r64,131072,domain,flores200,,complete,4.865827645051194,3.6689419795221845,32816,131072,204.2958939000091,dominated,"[""sp_unigram-65536""]",[],0.01
sp_unigram-131072,sp_unigram,131072,domain,flores200,,budget_not_reached,,,,,,not_classified_missing_condition,[],[],0.01
sp_unigram-8192,sp_unigram,8192,domain,flores200,,complete,3.3309065876757478,0.463098168467604,47938,8192,37.834285799995996,non_dominated,[],[],0.05
boundary_bpe-8192,boundary_bpe,8192,domain,flores200,,complete,3.098298309952073,0.43075848419582047,51537,8192,53.92111880000448,non_dominated,[],[],0.05
uniq_superbpe_r64-8192,uniq_superbpe_r64,8192,domain,flores200,,complete,3.135040150786327,18.347633165138514,50933,8192,157.98209089998272,dominated,"[""sp_unigram-8192""]",[],0.05
sp_unigram-16384,sp_unigram,16384,domain,flores200,,complete,3.959850213272493,0.5505406209701419,40324,16384,35.15026740002213,non_dominated,[],[],0.05
boundary_bpe-16384,boundary_bpe,16384,domain,flores200,,complete,3.595438067145527,0.499876156807998,44411,16384,81.80001249999623,non_dominated,[],[],0.05
uniq_superbpe_r64-16384,uniq_superbpe_r64,16384,domain,flores200,,complete,4.039898798228969,8.79696394686907,39525,16384,164.34531380000408,non_dominated,[],[],0.05
sp_unigram-32768,sp_unigram,32768,domain,flores200,,complete,4.546352713399009,0.6320824554410341,35122,32768,23.030076499999268,non_dominated,[],[],0.05
boundary_bpe-32768,boundary_bpe,32768,domain,flores200,,complete,3.944784821384456,0.5484460694698354,40478,32768,111.00910029999795,non_dominated,[],[],0.05
uniq_superbpe_r64-32768,uniq_superbpe_r64,32768,domain,flores200,,complete,4.539502487562189,5.8450604122245915,35175,32768,177.08818469999824,dominated,"[""sp_unigram-32768""]",[],0.05
sp_unigram-65536,sp_unigram,65536,domain,flores200,,complete,5.358828069939927,0.7450414471255495,29797,65536,12.838991500000702,non_dominated,[],[],0.05
boundary_bpe-65536,boundary_bpe,65536,domain,flores200,,complete,4.199705425948817,0.5838878514505141,38021,65536,110.46809020001092,non_dominated,[],[],0.05
uniq_superbpe_r64-65536,uniq_superbpe_r64,65536,domain,flores200,,complete,4.8995704203743475,4.314206811905493,32590,65536,164.48556890001055,dominated,"[""sp_unigram-65536""]",[],0.05
boundary_bpe-131072,boundary_bpe,131072,domain,flores200,,complete,4.3643097274988385,0.606772897477246,36587,131072,146.1055148000014,non_dominated,[],[],0.05
uniq_superbpe_r64-131072,uniq_superbpe_r64,131072,domain,flores200,,complete,4.865827645051194,3.6689419795221845,32816,131072,204.2958939000091,dominated,"[""sp_unigram-65536""]",[],0.05
sp_unigram-131072,sp_unigram,131072,domain,flores200,,budget_not_reached,,,,,,not_classified_missing_condition,[],[],0.05
sp_unigram-8192,sp_unigram,8192,language,,am,complete,3.1565853658536587,0.0,2050,8192,37.834285799995996,non_dominated,[],[],0.0
boundary_bpe-8192,boundary_bpe,8192,language,,am,complete,2.782029234737747,0.0,2326,8192,53.92111880000448,dominated,"[""sp_unigram-8192""]",[],0.0
uniq_superbpe_r64-8192,uniq_superbpe_r64,8192,language,,am,complete,3.193978282329714,0.0,2026,8192,157.98209089998272,non_dominated,[],[],0.0
sp_unigram-16384,sp_unigram,16384,language,,am,complete,3.6913861950941245,0.0,1753,16384,35.15026740002213,non_dominated,[],[],0.0
boundary_bpe-16384,boundary_bpe,16384,language,,am,complete,3.2002967359050447,0.0,2022,16384,81.80001249999623,dominated,"[""sp_unigram-16384""]",[],0.0
uniq_superbpe_r64-16384,uniq_superbpe_r64,16384,language,,am,complete,3.9944444444444445,0.0,1620,16384,164.34531380000408,non_dominated,[],[],0.0
sp_unigram-32768,sp_unigram,32768,language,,am,complete,4.185640362225097,0.0,1546,32768,23.030076499999268,non_dominated,[],[],0.0
boundary_bpe-32768,boundary_bpe,32768,language,,am,complete,3.475295381310419,0.0,1862,32768,111.00910029999795,dominated,"[""sp_unigram-16384"", ""sp_unigram-32768""]",[],0.0
uniq_superbpe_r64-32768,uniq_superbpe_r64,32768,language,,am,complete,4.622142857142857,0.0,1400,32768,177.08818469999824,non_dominated,[],[],0.0
sp_unigram-65536,sp_unigram,65536,language,,am,complete,4.887462235649547,0.0,1324,65536,12.838991500000702,non_dominated,[],[],0.0
boundary_bpe-65536,boundary_bpe,65536,language,,am,complete,3.755658734764945,0.0,1723,65536,110.46809020001092,dominated,"[""sp_unigram-32768"", ""sp_unigram-65536""]",[],0.0
uniq_superbpe_r64-65536,uniq_superbpe_r64,65536,language,,am,complete,4.447422680412371,0.0,1455,65536,164.48556890001055,dominated,"[""sp_unigram-65536""]",[],0.0
boundary_bpe-131072,boundary_bpe,131072,language,,am,complete,3.921818181818182,0.0,1650,131072,146.1055148000014,dominated,"[""sp_unigram-32768"", ""sp_unigram-65536""]",[],0.0
uniq_superbpe_r64-131072,uniq_superbpe_r64,131072,language,,am,complete,4.262845849802371,0.0,1518,131072,204.2958939000091,dominated,"[""sp_unigram-65536"", ""uniq_superbpe_r64-32768"", ""uniq_superbpe_r64-65536""]",[],0.0
sp_unigram-131072,sp_unigram,131072,language,,am,budget_not_reached,,,,,,not_classified_missing_condition,[],[],0.0
sp_unigram-8192,sp_unigram,8192,language,,am,complete,3.1565853658536587,0.0,2050,8192,37.834285799995996,non_dominated,[],[],0.01
boundary_bpe-8192,boundary_bpe,8192,language,,am,complete,2.782029234737747,0.0,2326,8192,53.92111880000448,dominated,"[""sp_unigram-8192""]",[],0.01
uniq_superbpe_r64-8192,uniq_superbpe_r64,8192,language,,am,complete,3.193978282329714,0.0,2026,8192,157.98209089998272,non_dominated,[],[],0.01
sp_unigram-16384,sp_unigram,16384,language,,am,complete,3.6913861950941245,0.0,1753,16384,35.15026740002213,non_dominated,[],[],0.01
boundary_bpe-16384,boundary_bpe,16384,language,,am,complete,3.2002967359050447,0.0,2022,16384,81.80001249999623,dominated,"[""sp_unigram-16384""]",[],0.01
uniq_superbpe_r64-16384,uniq_superbpe_r64,16384,language,,am,complete,3.9944444444444445,0.0,1620,16384,164.34531380000408,non_dominated,[],[],0.01
sp_unigram-32768,sp_unigram,32768,language,,am,complete,4.185640362225097,0.0,1546,32768,23.030076499999268,non_dominated,[],[],0.01
boundary_bpe-32768,boundary_bpe,32768,language,,am,complete,3.475295381310419,0.0,1862,32768,111.00910029999795,dominated,"[""sp_unigram-16384"", ""sp_unigram-32768""]",[],0.01
uniq_superbpe_r64-32768,uniq_superbpe_r64,32768,language,,am,complete,4.622142857142857,0.0,1400,32768,177.08818469999824,non_dominated,[],[],0.01
sp_unigram-65536,sp_unigram,65536,language,,am,complete,4.887462235649547,0.0,1324,65536,12.838991500000702,non_dominated,[],[],0.01
boundary_bpe-65536,boundary_bpe,65536,language,,am,complete,3.755658734764945,0.0,1723,65536,110.46809020001092,dominated,"[""sp_unigram-32768"", ""sp_unigram-65536""]",[],0.01
uniq_superbpe_r64-65536,uniq_superbpe_r64,65536,language,,am,complete,4.447422680412371,0.0,1455,65536,164.48556890001055,dominated,"[""sp_unigram-65536""]",[],0.01
boundary_bpe-131072,boundary_bpe,131072,language,,am,complete,3.921818181818182,0.0,1650,131072,146.1055148000014,dominated,"[""sp_unigram-32768"", ""sp_unigram-65536""]",[],0.01
uniq_superbpe_r64-131072,uniq_superbpe_r64,131072,language,,am,complete,4.262845849802371,0.0,1518,131072,204.2958939000091,dominated,"[""sp_unigram-65536"", ""uniq_superbpe_r64-32768"", ""uniq_superbpe_r64-65536""]",[],0.01
sp_unigram-131072,sp_unigram,131072,language,,am,budget_not_reached,,,,,,not_classified_missing_condition,[],[],0.01
sp_unigram-8192,sp_unigram,8192,language,,am,complete,3.1565853658536587,0.0,2050,8192,37.834285799995996,non_dominated,[],[],0.05
boundary_bpe-8192,boundary_bpe,8192,language,,am,complete,2.782029234737747,0.0,2326,8192,53.92111880000448,dominated,"[""sp_unigram-8192""]",[],0.05
uniq_superbpe_r64-8192,uniq_superbpe_r64,8192,language,,am,complete,3.193978282329714,0.0,2026,8192,157.98209089998272,non_dominated,[],[],0.05
sp_unigram-16384,sp_unigram,16384,language,,am,complete,3.6913861950941245,0.0,1753,16384,35.15026740002213,non_dominated,[],[],0.05
boundary_bpe-16384,boundary_bpe,16384,language,,am,complete,3.2002967359050447,0.0,2022,16384,81.80001249999623,dominated,"[""sp_unigram-16384""]",[],0.05
uniq_superbpe_r64-16384,uniq_superbpe_r64,16384,language,,am,complete,3.9944444444444445,0.0,1620,16384,164.34531380000408,non_dominated,[],[],0.05
sp_unigram-32768,sp_unigram,32768,language,,am,complete,4.185640362225097,0.0,1546,32768,23.030076499999268,non_dominated,[],[],0.05
boundary_bpe-32768,boundary_bpe,32768,language,,am,complete,3.475295381310419,0.0,1862,32768,111.00910029999795,dominated,"[""sp_unigram-16384"", ""sp_unigram-32768""]",[],0.05
uniq_superbpe_r64-32768,uniq_superbpe_r64,32768,language,,am,complete,4.622142857142857,0.0,1400,32768,177.08818469999824,non_dominated,[],[],0.05
sp_unigram-65536,sp_unigram,65536,language,,am,complete,4.887462235649547,0.0,1324,65536,12.838991500000702,non_dominated,[],[],0.05
boundary_bpe-65536,boundary_bpe,65536,language,,am,complete,3.755658734764945,0.0,1723,65536,110.46809020001092,dominated,"[""sp_unigram-32768"", ""sp_unigram-65536""]",[],0.05
uniq_superbpe_r64-65536,uniq_superbpe_r64,65536,language,,am,complete,4.447422680412371,0.0,1455,65536,164.48556890001055,dominated,"[""sp_unigram-65536""]",[],0.05
boundary_bpe-131072,boundary_bpe,131072,language,,am,complete,3.921818181818182,0.0,1650,131072,146.1055148000014,dominated,"[""sp_unigram-32768"", ""sp_unigram-65536""]",[],0.05
uniq_superbpe_r64-131072,uniq_superbpe_r64,131072,language,,am,complete,4.262845849802371,0.0,1518,131072,204.2958939000091,dominated,"[""sp_unigram-65536"", ""uniq_superbpe_r64-32768"", ""uniq_superbpe_r64-65536""]",[],0.05
sp_unigram-131072,sp_unigram,131072,language,,am,budget_not_reached,,,,,,not_classified_missing_condition,[],[],0.05
sp_unigram-8192,sp_unigram,8192,language,,ar,complete,2.8492374727668843,0.4357298474945534,2295,8192,37.834285799995996,non_dominated,[],[],0.0
boundary_bpe-8192,boundary_bpe,8192,language,,ar,complete,2.5305727554179565,0.38699690402476783,2584,8192,53.92111880000448,non_dominated,[],[],0.0
uniq_superbpe_r64-8192,uniq_superbpe_r64,8192,language,,ar,complete,3.1789013125911523,2.333495381623724,2057,8192,157.98209089998272,non_dominated,[],[],0.0
sp_unigram-16384,sp_unigram,16384,language,,ar,complete,3.4271488469601676,0.5241090146750524,1908,16384,35.15026740002213,non_dominated,[],[],0.0
boundary_bpe-16384,boundary_bpe,16384,language,,ar,complete,2.8844287604764007,0.4411116012351125,2267,16384,81.80001249999623,non_dominated,[],[],0.0
uniq_superbpe_r64-16384,uniq_superbpe_r64,16384,language,,ar,complete,3.885323826500297,2.8520499108734403,1683,16384,164.34531380000408,non_dominated,[],[],0.0
sp_unigram-32768,sp_unigram,32768,language,,ar,complete,3.934416365824308,0.601684717208183,1662,32768,23.030076499999268,non_dominated,[],[],0.0
boundary_bpe-32768,boundary_bpe,32768,language,,ar,complete,3.1727316836487143,0.485201358563804,2061,32768,111.00910029999795,non_dominated,[],[],0.0
uniq_superbpe_r64-32768,uniq_superbpe_r64,32768,language,,ar,complete,4.46043656207367,3.2742155525238745,1466,32768,177.08818469999824,non_dominated,[],[],0.0
sp_unigram-65536,sp_unigram,65536,language,,ar,complete,4.604929577464789,0.704225352112676,1420,65536,12.838991500000702,non_dominated,[],[],0.0
boundary_bpe-65536,boundary_bpe,65536,language,,ar,complete,3.361953727506427,0.5141388174807198,1945,65536,110.46809020001092,non_dominated,[],[],0.0
uniq_superbpe_r64-65536,uniq_superbpe_r64,65536,language,,ar,complete,4.75218023255814,2.3255813953488373,1376,65536,164.48556890001055,non_dominated,[],[],0.0
boundary_bpe-131072,boundary_bpe,131072,language,,ar,complete,3.5005353319057817,0.5353319057815846,1868,131072,146.1055148000014,non_dominated,[],[],0.0
uniq_superbpe_r64-131072,uniq_superbpe_r64,131072,language,,ar,complete,3.9726609963547994,2.67314702308627,1646,131072,204.2958939000091,dominated,"[""sp_unigram-65536"", ""uniq_superbpe_r64-65536""]",[],0.0
sp_unigram-131072,sp_unigram,131072,language,,ar,budget_not_reached,,,,,,not_classified_missing_condition,[],[],0.0
sp_unigram-8192,sp_unigram,8192,language,,ar,complete,2.8492374727668843,0.4357298474945534,2295,8192,37.834285799995996,non_dominated,[],[],0.01
boundary_bpe-8192,boundary_bpe,8192,language,,ar,complete,2.5305727554179565,0.38699690402476783,2584,8192,53.92111880000448,non_dominated,[],[],0.01
uniq_superbpe_r64-8192,uniq_superbpe_r64,8192,language,,ar,complete,3.1789013125911523,2.333495381623724,2057,8192,157.98209089998272,non_dominated,[],[],0.01
sp_unigram-16384,sp_unigram,16384,language,,ar,complete,3.4271488469601676,0.5241090146750524,1908,16384,35.15026740002213,non_dominated,[],[],0.01
boundary_bpe-16384,boundary_bpe,16384,language,,ar,complete,2.8844287604764007,0.4411116012351125,2267,16384,81.80001249999623,non_dominated,[],[],0.01
uniq_superbpe_r64-16384,uniq_superbpe_r64,16384,language,,ar,complete,3.885323826500297,2.8520499108734403,1683,16384,164.34531380000408,non_dominated,[],[],0.01
sp_unigram-32768,sp_unigram,32768,language,,ar,complete,3.934416365824308,0.601684717208183,1662,32768,23.030076499999268,non_dominated,[],[],0.01
boundary_bpe-32768,boundary_bpe,32768,language,,ar,complete,3.1727316836487143,0.485201358563804,2061,32768,111.00910029999795,non_dominated,[],[],0.01
uniq_superbpe_r64-32768,uniq_superbpe_r64,32768,language,,ar,complete,4.46043656207367,3.2742155525238745,1466,32768,177.08818469999824,non_dominated,[],[],0.01
sp_unigram-65536,sp_unigram,65536,language,,ar,complete,4.604929577464789,0.704225352112676,1420,65536,12.838991500000702,non_dominated,[],[],0.01
boundary_bpe-65536,boundary_bpe,65536,language,,ar,complete,3.361953727506427,0.5141388174807198,1945,65536,110.46809020001092,non_dominated,[],[],0.01
uniq_superbpe_r64-65536,uniq_superbpe_r64,65536,language,,ar,complete,4.75218023255814,2.3255813953488373,1376,65536,164.48556890001055,non_dominated,[],[],0.01
boundary_bpe-131072,boundary_bpe,131072,language,,ar,complete,3.5005353319057817,0.5353319057815846,1868,131072,146.1055148000014,non_dominated,[],[],0.01
uniq_superbpe_r64-131072,uniq_superbpe_r64,131072,language,,ar,complete,3.9726609963547994,2.67314702308627,1646,131072,204.2958939000091,dominated,"[""sp_unigram-65536"", ""uniq_superbpe_r64-65536""]",[],0.01
sp_unigram-131072,sp_unigram,131072,language,,ar,budget_not_reached,,,,,,not_classified_missing_condition,[],[],0.01
sp_unigram-8192,sp_unigram,8192,language,,ar,complete,2.8492374727668843,0.4357298474945534,2295,8192,37.834285799995996,non_dominated,[],[],0.05
boundary_bpe-8192,boundary_bpe,8192,language,,ar,complete,2.5305727554179565,0.38699690402476783,2584,8192,53.92111880000448,non_dominated,[],[],0.05
uniq_superbpe_r64-8192,uniq_superbpe_r64,8192,language,,ar,complete,3.1789013125911523,2.333495381623724,2057,8192,157.98209089998272,non_dominated,[],[],0.05
sp_unigram-16384,sp_unigram,16384,language,,ar,complete,3.4271488469601676,0.5241090146750524,1908,16384,35.15026740002213,non_dominated,[],[],0.05
boundary_bpe-16384,boundary_bpe,16384,language,,ar,complete,2.8844287604764007,0.4411116012351125,2267,16384,81.80001249999623,non_dominated,[],[],0.05
uniq_superbpe_r64-16384,uniq_superbpe_r64,16384,language,,ar,complete,3.885323826500297,2.8520499108734403,1683,16384,164.34531380000408,non_dominated,[],[],0.05
sp_unigram-32768,sp_unigram,32768,language,,ar,complete,3.934416365824308,0.601684717208183,1662,32768,23.030076499999268,non_dominated,[],[],0.05
boundary_bpe-32768,boundary_bpe,32768,language,,ar,complete,3.1727316836487143,0.485201358563804,2061,32768,111.00910029999795,non_dominated,[],[],0.05
uniq_superbpe_r64-32768,uniq_superbpe_r64,32768,language,,ar,complete,4.46043656207367,3.2742155525238745,1466,32768,177.08818469999824,non_dominated,[],[],0.05
sp_unigram-65536,sp_unigram,65536,language,,ar,complete,4.604929577464789,0.704225352112676,1420,65536,12.838991500000702,non_dominated,[],[],0.05
boundary_bpe-65536,boundary_bpe,65536,language,,ar,complete,3.361953727506427,0.5141388174807198,1945,65536,110.46809020001092,non_dominated,[],[],0.05
uniq_superbpe_r64-65536,uniq_superbpe_r64,65536,language,,ar,complete,4.75218023255814,2.3255813953488373,1376,65536,164.48556890001055,non_dominated,[],[],0.05
boundary_bpe-131072,boundary_bpe,131072,language,,ar,complete,3.5005353319057817,0.5353319057815846,1868,131072,146.1055148000014,non_dominated,[],[],0.05
uniq_superbpe_r64-131072,uniq_superbpe_r64,131072,language,,ar,complete,3.9726609963547994,2.67314702308627,1646,131072,204.2958939000091,dominated,"[""sp_unigram-65536"", ""uniq_superbpe_r64-65536""]",[],0.05
sp_unigram-131072,sp_unigram,131072,language,,ar,budget_not_reached,,,,,,not_classified_missing_condition,[],[],0.05
sp_unigram-8192,sp_unigram,8192,language,,bg,complete,3.1201000834028356,0.0,2398,8192,37.834285799995996,non_dominated,[],[],0.0
boundary_bpe-8192,boundary_bpe,8192,language,,bg,complete,2.819140919366993,0.0,2654,8192,53.92111880000448,dominated,"[""sp_unigram-8192""]",[],0.0
uniq_superbpe_r64-8192,uniq_superbpe_r64,8192,language,,bg,complete,3.502808988764045,0.0,2136,8192,157.98209089998272,non_dominated,[],[],0.0
sp_unigram-16384,sp_unigram,16384,language,,bg,complete,3.6694458067680236,0.0,2039,16384,35.15026740002213,non_dominated,[],[],0.0
boundary_bpe-16384,boundary_bpe,16384,language,,bg,complete,3.1919795221843,0.0,2344,16384,81.80001249999623,dominated,"[""sp_unigram-16384""]",[],0.0
uniq_superbpe_r64-16384,uniq_superbpe_r64,16384,language,,bg,complete,4.314878892733564,0.0,1734,16384,164.34531380000408,non_dominated,[],[],0.0
sp_unigram-32768,sp_unigram,32768,language,,bg,complete,4.268111808328579,0.0,1753,32768,23.030076499999268,non_dominated,[],[],0.0
boundary_bpe-32768,boundary_bpe,32768,language,,bg,complete,3.5325779036827196,0.0,2118,32768,111.00910029999795,dominated,"[""sp_unigram-16384"", ""sp_unigram-32768""]",[],0.0
uniq_superbpe_r64-32768,uniq_superbpe_r64,32768,language,,bg,complete,4.811575562700964,0.0,1555,32768,177.08818469999824,non_dominated,[],[],0.0
sp_unigram-65536,sp_unigram,65536,language,,bg,complete,4.981358189081225,0.0,1502,65536,12.838991500000702,non_dominated,[],[],0.0
boundary_bpe-65536,boundary_bpe,65536,language,,bg,complete,3.703960396039604,0.0,2020,65536,110.46809020001092,dominated,"[""sp_unigram-32768"", ""sp_unigram-65536""]",[],0.0
uniq_superbpe_r64-65536,uniq_superbpe_r64,65536,language,,bg,complete,5.206680584551148,0.0,1437,65536,164.48556890001055,non_dominated,[],[],0.0
boundary_bpe-131072,boundary_bpe,131072,language,,bg,complete,3.8527291452111228,0.0,1942,131072,146.1055148000014,dominated,"[""sp_unigram-32768"", ""sp_unigram-65536""]",[],0.0
uniq_superbpe_r64-131072,uniq_superbpe_r64,131072,language,,bg,complete,4.968127490039841,0.0,1506,131072,204.2958939000091,dominated,"[""sp_unigram-65536"", ""uniq_superbpe_r64-65536""]",[],0.0
sp_unigram-131072,sp_unigram,131072,language,,bg,budget_not_reached,,,,,,not_classified_missing_condition,[],[],0.0
sp_unigram-8192,sp_unigram,8192,language,,bg,complete,3.1201000834028356,0.0,2398,8192,37.834285799995996,non_dominated,[],[],0.01
boundary_bpe-8192,boundary_bpe,8192,language,,bg,complete,2.819140919366993,0.0,2654,8192,53.92111880000448,dominated,"[""sp_unigram-8192""]",[],0.01
uniq_superbpe_r64-8192,uniq_superbpe_r64,8192,language,,bg,complete,3.502808988764045,0.0,2136,8192,157.98209089998272,non_dominated,[],[],0.01
sp_unigram-16384,sp_unigram,16384,language,,bg,complete,3.6694458067680236,0.0,2039,16384,35.15026740002213,non_dominated,[],[],0.01
boundary_bpe-16384,boundary_bpe,16384,language,,bg,complete,3.1919795221843,0.0,2344,16384,81.80001249999623,dominated,"[""sp_unigram-16384""]",[],0.01
uniq_superbpe_r64-16384,uniq_superbpe_r64,16384,language,,bg,complete,4.314878892733564,0.0,1734,16384,164.34531380000408,non_dominated,[],[],0.01
sp_unigram-32768,sp_unigram,32768,language,,bg,complete,4.268111808328579,0.0,1753,32768,23.030076499999268,non_dominated,[],[],0.01
boundary_bpe-32768,boundary_bpe,32768,language,,bg,complete,3.5325779036827196,0.0,2118,32768,111.00910029999795,dominated,"[""sp_unigram-16384"", ""sp_unigram-32768""]",[],0.01
uniq_superbpe_r64-32768,uniq_superbpe_r64,32768,language,,bg,complete,4.811575562700964,0.0,1555,32768,177.08818469999824,non_dominated,[],[],0.01
sp_unigram-65536,sp_unigram,65536,language,,bg,complete,4.981358189081225,0.0,1502,65536,12.838991500000702,non_dominated,[],[],0.01
boundary_bpe-65536,boundary_bpe,65536,language,,bg,complete,3.703960396039604,0.0,2020,65536,110.46809020001092,dominated,"[""sp_unigram-32768"", ""sp_unigram-65536""]",[],0.01
uniq_superbpe_r64-65536,uniq_superbpe_r64,65536,language,,bg,complete,5.206680584551148,0.0,1437,65536,164.48556890001055,non_dominated,[],[],0.01
boundary_bpe-131072,boundary_bpe,131072,language,,bg,complete,3.8527291452111228,0.0,1942,131072,146.1055148000014,dominated,"[""sp_unigram-32768"", ""sp_unigram-65536""]",[],0.01
uniq_superbpe_r64-131072,uniq_superbpe_r64,131072,language,,bg,complete,4.968127490039841,0.0,1506,131072,204.2958939000091,dominated,"[""sp_unigram-65536"", ""uniq_superbpe_r64-65536""]",[],0.01
sp_unigram-131072,sp_unigram,131072,language,,bg,budget_not_reached,,,,,,not_classified_missing_condition,[],[],0.01
sp_unigram-8192,sp_unigram,8192,language,,bg,complete,3.1201000834028356,0.0,2398,8192,37.834285799995996,non_dominated,[],[],0.05
boundary_bpe-8192,boundary_bpe,8192,language,,bg,complete,2.819140919366993,0.0,2654,8192,53.92111880000448,dominated,"[""sp_unigram-8192""]",[],0.05
uniq_superbpe_r64-8192,uniq_superbpe_r64,8192,language,,bg,complete,3.502808988764045,0.0,2136,8192,157.98209089998272,non_dominated,[],[],0.05
sp_unigram-16384,sp_unigram,16384,language,,bg,complete,3.6694458067680236,0.0,2039,16384,35.15026740002213,non_dominated,[],[],0.05
boundary_bpe-16384,boundary_bpe,16384,language,,bg,complete,3.1919795221843,0.0,2344,16384,81.80001249999623,dominated,"[""sp_unigram-16384""]",[],0.05
uniq_superbpe_r64-16384,uniq_superbpe_r64,16384,language,,bg,complete,4.314878892733564,0.0,1734,16384,164.34531380000408,non_dominated,[],[],0.05
sp_unigram-32768,sp_unigram,32768,language,,bg,complete,4.268111808328579,0.0,1753,32768,23.030076499999268,non_dominated,[],[],0.05
boundary_bpe-32768,boundary_bpe,32768,language,,bg,complete,3.5325779036827196,0.0,2118,32768,111.00910029999795,dominated,"[""sp_unigram-16384"", ""sp_unigram-32768""]",[],0.05
uniq_superbpe_r64-32768,uniq_superbpe_r64,32768,language,,bg,complete,4.811575562700964,0.0,1555,32768,177.08818469999824,non_dominated,[],[],0.05
sp_unigram-65536,sp_unigram,65536,language,,bg,complete,4.981358189081225,0.0,1502,65536,12.838991500000702,non_dominated,[],[],0.05
boundary_bpe-65536,boundary_bpe,65536,language,,bg,complete,3.703960396039604,0.0,2020,65536,110.46809020001092,dominated,"[""sp_unigram-32768"", ""sp_unigram-65536""]",[],0.05
uniq_superbpe_r64-65536,uniq_superbpe_r64,65536,language,,bg,complete,5.206680584551148,0.0,1437,65536,164.48556890001055,non_dominated,[],[],0.05
boundary_bpe-131072,boundary_bpe,131072,language,,bg,complete,3.8527291452111228,0.0,1942,131072,146.1055148000014,dominated,"[""sp_unigram-32768"", ""sp_unigram-65536""]",[],0.05
uniq_superbpe_r64-131072,uniq_superbpe_r64,131072,language,,bg,complete,4.968127490039841,0.0,1506,131072,204.2958939000091,dominated,"[""sp_unigram-65536"", ""uniq_superbpe_r64-65536""]",[],0.05
sp_unigram-131072,sp_unigram,131072,language,,bg,budget_not_reached,,,,,,not_classified_missing_condition,[],[],0.05
sp_unigram-8192,sp_unigram,8192,language,,bn,complete,4.0164056674123785,0.0,2682,8192,37.834285799995996,non_dominated,[],[],0.0
boundary_bpe-8192,boundary_bpe,8192,language,,bn,complete,3.874820143884892,0.0,2780,8192,53.92111880000448,dominated,"[""sp_unigram-8192""]",[],0.0
uniq_superbpe_r64-8192,uniq_superbpe_r64,8192,language,,bn,complete,3.130485324033711,36.61726242371404,3441,8192,157.98209089998272,dominated,"[""boundary_bpe-8192"", ""sp_unigram-8192""]",[],0.0
sp_unigram-16384,sp_unigram,16384,language,,bn,complete,4.832660385823239,0.0,2229,16384,35.15026740002213,non_dominated,[],[],0.0
boundary_bpe-16384,boundary_bpe,16384,language,,bn,complete,4.73286467486819,0.0,2276,16384,81.80001249999623,dominated,"[""sp_unigram-16384""]",[],0.0
uniq_superbpe_r64-16384,uniq_superbpe_r64,16384,language,,bn,complete,4.217697729052467,21.49569303054033,2554,16384,164.34531380000408,dominated,"[""boundary_bpe-16384"", ""sp_unigram-16384""]",[],0.0
sp_unigram-32768,sp_unigram,32768,language,,bn,complete,5.699470899470899,0.0,1890,32768,23.030076499999268,non_dominated,[],[],0.0
boundary_bpe-32768,boundary_bpe,32768,language,,bn,complete,5.267481662591687,0.0,2045,32768,111.00910029999795,dominated,"[""sp_unigram-32768""]",[],0.0
uniq_superbpe_r64-32768,uniq_superbpe_r64,32768,language,,bn,complete,4.968634686346864,15.498154981549815,2168,32768,177.08818469999824,dominated,"[""boundary_bpe-32768"", ""sp_unigram-32768""]",[],0.0
sp_unigram-65536,sp_unigram,65536,language,,bn,complete,7.224681421864521,0.0,1491,65536,12.838991500000702,non_dominated,[],[],0.0
boundary_bpe-65536,boundary_bpe,65536,language,,bn,complete,5.651626442812172,0.0,1906,65536,110.46809020001092,dominated,"[""sp_unigram-32768"", ""sp_unigram-65536""]",[],0.0
uniq_superbpe_r64-65536,uniq_superbpe_r64,65536,language,,bn,complete,5.672459189046867,10.110584518167457,1899,65536,164.48556890001055,dominated,"[""sp_unigram-32768"", ""sp_unigram-65536""]",[],0.0
boundary_bpe-131072,boundary_bpe,131072,language,,bn,complete,5.991101223581757,0.0,1798,131072,146.1055148000014,dominated,"[""sp_unigram-65536""]",[],0.0
uniq_superbpe_r64-131072,uniq_superbpe_r64,131072,language,,bn,complete,5.778969957081545,8.851931330472103,1864,131072,204.2958939000091,dominated,"[""boundary_bpe-131072"", ""sp_unigram-65536""]",[],0.0
sp_unigram-131072,sp_unigram,131072,language,,bn,budget_not_reached,,,,,,not_classified_missing_condition,[],[],0.0
sp_unigram-8192,sp_unigram,8192,language,,bn,complete,4.0164056674123785,0.0,2682,8192,37.834285799995996,non_dominated,[],[],0.01
boundary_bpe-8192,boundary_bpe,8192,language,,bn,complete,3.874820143884892,0.0,2780,8192,53.92111880000448,dominated,"[""sp_unigram-8192""]",[],0.01
uniq_superbpe_r64-8192,uniq_superbpe_r64,8192,language,,bn,complete,3.130485324033711,36.61726242371404,3441,8192,157.98209089998272,dominated,"[""boundary_bpe-8192"", ""sp_unigram-8192""]",[],0.01
sp_unigram-16384,sp_unigram,16384,language,,bn,complete,4.832660385823239,0.0,2229,16384,35.15026740002213,non_dominated,[],[],0.01
boundary_bpe-16384,boundary_bpe,16384,language,,bn,complete,4.73286467486819,0.0,2276,16384,81.80001249999623,dominated,"[""sp_unigram-16384""]",[],0.01
uniq_superbpe_r64-16384,uniq_superbpe_r64,16384,language,,bn,complete,4.217697729052467,21.49569303054033,2554,16384,164.34531380000408,dominated,"[""boundary_bpe-16384"", ""sp_unigram-16384""]",[],0.01
sp_unigram-32768,sp_unigram,32768,language,,bn,complete,5.699470899470899,0.0,1890,32768,23.030076499999268,non_dominated,[],[],0.01
boundary_bpe-32768,boundary_bpe,32768,language,,bn,complete,5.267481662591687,0.0,2045,32768,111.00910029999795,dominated,"[""sp_unigram-32768""]",[],0.01
uniq_superbpe_r64-32768,uniq_superbpe_r64,32768,language,,bn,complete,4.968634686346864,15.498154981549815,2168,32768,177.08818469999824,dominated,"[""boundary_bpe-32768"", ""sp_unigram-32768""]",[],0.01
sp_unigram-65536,sp_unigram,65536,language,,bn,complete,7.224681421864521,0.0,1491,65536,12.838991500000702,non_dominated,[],[],0.01
boundary_bpe-65536,boundary_bpe,65536,language,,bn,complete,5.651626442812172,0.0,1906,65536,110.46809020001092,dominated,"[""sp_unigram-32768"", ""sp_unigram-65536""]",[],0.01
uniq_superbpe_r64-65536,uniq_superbpe_r64,65536,language,,bn,complete,5.672459189046867,10.110584518167457,1899,65536,164.48556890001055,dominated,"[""sp_unigram-32768"", ""sp_unigram-65536""]",[],0.01
boundary_bpe-131072,boundary_bpe,131072,language,,bn,complete,5.991101223581757,0.0,1798,131072,146.1055148000014,dominated,"[""sp_unigram-65536""]",[],0.01
uniq_superbpe_r64-131072,uniq_superbpe_r64,131072,language,,bn,complete,5.778969957081545,8.851931330472103,1864,131072,204.2958939000091,dominated,"[""boundary_bpe-131072"", ""sp_unigram-65536""]",[],0.01
sp_unigram-131072,sp_unigram,131072,language,,bn,budget_not_reached,,,,,,not_classified_missing_condition,[],[],0.01
sp_unigram-8192,sp_unigram,8192,language,,bn,complete,4.0164056674123785,0.0,2682,8192,37.834285799995996,non_dominated,[],[],0.05
boundary_bpe-8192,boundary_bpe,8192,language,,bn,complete,3.874820143884892,0.0,2780,8192,53.92111880000448,dominated,"[""sp_unigram-8192""]",[],0.05
uniq_superbpe_r64-8192,uniq_superbpe_r64,8192,language,,bn,complete,3.130485324033711,36.61726242371404,3441,8192,157.98209089998272,dominated,"[""boundary_bpe-8192"", ""sp_unigram-8192""]",[],0.05
sp_unigram-16384,sp_unigram,16384,language,,bn,complete,4.832660385823239,0.0,2229,16384,35.15026740002213,non_dominated,[],[],0.05
boundary_bpe-16384,boundary_bpe,16384,language,,bn,complete,4.73286467486819,0.0,2276,16384,81.80001249999623,dominated,"[""sp_unigram-16384""]",[],0.05
uniq_superbpe_r64-16384,uniq_superbpe_r64,16384,language,,bn,complete,4.217697729052467,21.49569303054033,2554,16384,164.34531380000408,dominated,"[""boundary_bpe-16384"", ""sp_unigram-16384""]",[],0.05
sp_unigram-32768,sp_unigram,32768,language,,bn,complete,5.699470899470899,0.0,1890,32768,23.030076499999268,non_dominated,[],[],0.05
boundary_bpe-32768,boundary_bpe,32768,language,,bn,complete,5.267481662591687,0.0,2045,32768,111.00910029999795,dominated,"[""sp_unigram-32768""]",[],0.05
uniq_superbpe_r64-32768,uniq_superbpe_r64,32768,language,,bn,complete,4.968634686346864,15.498154981549815,2168,32768,177.08818469999824,dominated,"[""boundary_bpe-32768"", ""sp_unigram-32768""]",[],0.05
sp_unigram-65536,sp_unigram,65536,language,,bn,complete,7.224681421864521,0.0,1491,65536,12.838991500000702,non_dominated,[],[],0.05
boundary_bpe-65536,boundary_bpe,65536,language,,bn,complete,5.651626442812172,0.0,1906,65536,110.46809020001092,dominated,"[""sp_unigram-32768"", ""sp_unigram-65536""]",[],0.05
uniq_superbpe_r64-65536,uniq_superbpe_r64,65536,language,,bn,complete,5.672459189046867,10.110584518167457,1899,65536,164.48556890001055,dominated,"[""sp_unigram-32768"", ""sp_unigram-65536""]",[],0.05
boundary_bpe-131072,boundary_bpe,131072,language,,bn,complete,5.991101223581757,0.0,1798,131072,146.1055148000014,dominated,"[""sp_unigram-65536""]",[],0.05
uniq_superbpe_r64-131072,uniq_superbpe_r64,131072,language,,bn,complete,5.778969957081545,8.851931330472103,1864,131072,204.2958939000091,dominated,"[""boundary_bpe-131072"", ""sp_unigram-65536""]",[],0.05
sp_unigram-131072,sp_unigram,131072,language,,bn,budget_not_reached,,,,,,not_classified_missing_condition,[],[],0.05
sp_unigram-8192,sp_unigram,8192,language,,fa,complete,2.965086206896552,0.0,2320,8192,37.834285799995996,non_dominated,[],[],0.0
boundary_bpe-8192,boundary_bpe,8192,language,,fa,complete,2.570627802690583,0.0,2676,8192,53.92111880000448,dominated,"[""sp_unigram-8192""]",[],0.0
uniq_superbpe_r64-8192,uniq_superbpe_r64,8192,language,,fa,complete,3.36545988258317,0.19569471624266144,2044,8192,157.98209089998272,non_dominated,[],[],0.0
sp_unigram-16384,sp_unigram,16384,language,,fa,complete,3.6746794871794872,0.0,1872,16384,35.15026740002213,non_dominated,[],[],0.0
boundary_bpe-16384,boundary_bpe,16384,language,,fa,complete,2.974059662775616,0.0,2313,16384,81.80001249999623,dominated,"[""sp_unigram-16384""]",[],0.0
uniq_superbpe_r64-16384,uniq_superbpe_r64,16384,language,,fa,complete,4.243676742751388,0.24676125848241826,1621,16384,164.34531380000408,non_dominated,[],[],0.0
sp_unigram-32768,sp_unigram,32768,language,,fa,complete,4.277985074626866,0.0,1608,32768,23.030076499999268,non_dominated,[],[],0.0
boundary_bpe-32768,boundary_bpe,32768,language,,fa,complete,3.297698945349952,0.0,2086,32768,111.00910029999795,dominated,"[""sp_unigram-16384"", ""sp_unigram-32768""]",[],0.0
uniq_superbpe_r64-32768,uniq_superbpe_r64,32768,language,,fa,complete,4.827368421052632,0.5614035087719298,1425,32768,177.08818469999824,non_dominated,[],[],0.0
sp_unigram-65536,sp_unigram,65536,language,,fa,complete,4.938262742282843,0.0,1393,65536,12.838991500000702,non_dominated,[],[],0.0
boundary_bpe-65536,boundary_bpe,65536,language,,fa,complete,3.4463927855711423,0.0,1996,65536,110.46809020001092,dominated,"[""sp_unigram-16384"", ""sp_unigram-32768"", ""sp_unigram-65536""]",[],0.0
uniq_superbpe_r64-65536,uniq_superbpe_r64,65536,language,,fa,complete,5.118303571428571,0.2976190476190476,1344,65536,164.48556890001055,non_dominated,[],[],0.0
boundary_bpe-131072,boundary_bpe,131072,language,,fa,complete,3.586548488008342,0.0,1918,131072,146.1055148000014,dominated,"[""sp_unigram-16384"", ""sp_unigram-32768"", ""sp_unigram-65536""]",[],0.0
uniq_superbpe_r64-131072,uniq_superbpe_r64,131072,language,,fa,complete,4.952483801295896,0.14398848092152627,1389,131072,204.2958939000091,non_dominated,[],[],0.0
sp_unigram-131072,sp_unigram,131072,language,,fa,budget_not_reached,,,,,,not_classified_missing_condition,[],[],0.0
sp_unigram-8192,sp_unigram,8192,language,,fa,complete,2.965086206896552,0.0,2320,8192,37.834285799995996,non_dominated,[],[],0.01
boundary_bpe-8192,boundary_bpe,8192,language,,fa,complete,2.570627802690583,0.0,2676,8192,53.92111880000448,dominated,"[""sp_unigram-8192""]",[],0.01
uniq_superbpe_r64-8192,uniq_superbpe_r64,8192,language,,fa,complete,3.36545988258317,0.19569471624266144,2044,8192,157.98209089998272,non_dominated,[],[],0.01
sp_unigram-16384,sp_unigram,16384,language,,fa,complete,3.6746794871794872,0.0,1872,16384,35.15026740002213,non_dominated,[],[],0.01
boundary_bpe-16384,boundary_bpe,16384,language,,fa,complete,2.974059662775616,0.0,2313,16384,81.80001249999623,dominated,"[""sp_unigram-16384""]",[],0.01
uniq_superbpe_r64-16384,uniq_superbpe_r64,16384,language,,fa,complete,4.243676742751388,0.24676125848241826,1621,16384,164.34531380000408,non_dominated,[],[],0.01
sp_unigram-32768,sp_unigram,32768,language,,fa,complete,4.277985074626866,0.0,1608,32768,23.030076499999268,non_dominated,[],[],0.01
boundary_bpe-32768,boundary_bpe,32768,language,,fa,complete,3.297698945349952,0.0,2086,32768,111.00910029999795,dominated,"[""sp_unigram-16384"", ""sp_unigram-32768""]",[],0.01
uniq_superbpe_r64-32768,uniq_superbpe_r64,32768,language,,fa,complete,4.827368421052632,0.5614035087719298,1425,32768,177.08818469999824,non_dominated,[],[],0.01
sp_unigram-65536,sp_unigram,65536,language,,fa,complete,4.938262742282843,0.0,1393,65536,12.838991500000702,non_dominated,[],[],0.01
boundary_bpe-65536,boundary_bpe,65536,language,,fa,complete,3.4463927855711423,0.0,1996,65536,110.46809020001092,dominated,"[""sp_unigram-16384"", ""sp_unigram-32768"", ""sp_unigram-65536""]",[],0.01
uniq_superbpe_r64-65536,uniq_superbpe_r64,65536,language,,fa,complete,5.118303571428571,0.2976190476190476,1344,65536,164.48556890001055,non_dominated,[],[],0.01
boundary_bpe-131072,boundary_bpe,131072,language,,fa,complete,3.586548488008342,0.0,1918,131072,146.1055148000014,dominated,"[""sp_unigram-16384"", ""sp_unigram-32768"", ""sp_unigram-65536""]",[],0.01
uniq_superbpe_r64-131072,uniq_superbpe_r64,131072,language,,fa,complete,4.952483801295896,0.14398848092152627,1389,131072,204.2958939000091,non_dominated,[],[],0.01
sp_unigram-131072,sp_unigram,131072,language,,fa,budget_not_reached,,,,,,not_classified_missing_condition,[],[],0.01
sp_unigram-8192,sp_unigram,8192,language,,fa,complete,2.965086206896552,0.0,2320,8192,37.834285799995996,non_dominated,[],[],0.05
boundary_bpe-8192,boundary_bpe,8192,language,,fa,complete,2.570627802690583,0.0,2676,8192,53.92111880000448,dominated,"[""sp_unigram-8192""]",[],0.05
uniq_superbpe_r64-8192,uniq_superbpe_r64,8192,language,,fa,complete,3.36545988258317,0.19569471624266144,2044,8192,157.98209089998272,non_dominated,[],[],0.05
sp_unigram-16384,sp_unigram,16384,language,,fa,complete,3.6746794871794872,0.0,1872,16384,35.15026740002213,non_dominated,[],[],0.05
boundary_bpe-16384,boundary_bpe,16384,language,,fa,complete,2.974059662775616,0.0,2313,16384,81.80001249999623,dominated,"[""sp_unigram-16384""]",[],0.05
uniq_superbpe_r64-16384,uniq_superbpe_r64,16384,language,,fa,complete,4.243676742751388,0.24676125848241826,1621,16384,164.34531380000408,non_dominated,[],[],0.05
sp_unigram-32768,sp_unigram,32768,language,,fa,complete,4.277985074626866,0.0,1608,32768,23.030076499999268,non_dominated,[],[],0.05
boundary_bpe-32768,boundary_bpe,32768,language,,fa,complete,3.297698945349952,0.0,2086,32768,111.00910029999795,dominated,"[""sp_unigram-16384"", ""sp_unigram-32768""]",[],0.05
uniq_superbpe_r64-32768,uniq_superbpe_r64,32768,language,,fa,complete,4.827368421052632,0.5614035087719298,1425,32768,177.08818469999824,non_dominated,[],[],0.05
sp_unigram-65536,sp_unigram,65536,language,,fa,complete,4.938262742282843,0.0,1393,65536,12.838991500000702,non_dominated,[],[],0.05
boundary_bpe-65536,boundary_bpe,65536,language,,fa,complete,3.4463927855711423,0.0,1996,65536,110.46809020001092,dominated,"[""sp_unigram-16384"", ""sp_unigram-32768"", ""sp_unigram-65536""]",[],0.05
uniq_superbpe_r64-65536,uniq_superbpe_r64,65536,language,,fa,complete,5.118303571428571,0.2976190476190476,1344,65536,164.48556890001055,non_dominated,[],[],0.05
boundary_bpe-131072,boundary_bpe,131072,language,,fa,complete,3.586548488008342,0.0,1918,131072,146.1055148000014,dominated,"[""sp_unigram-16384"", ""sp_unigram-32768"", ""sp_unigram-65536""]",[],0.05
uniq_superbpe_r64-131072,uniq_superbpe_r64,131072,language,,fa,complete,4.952483801295896,0.14398848092152627,1389,131072,204.2958939000091,non_dominated,[],[],0.05
sp_unigram-131072,sp_unigram,131072,language,,fa,budget_not_reached,,,,,,not_classified_missing_condition,[],[],0.05
sp_unigram-8192,sp_unigram,8192,language,,gu,complete,3.682758620689655,0.0,2610,8192,37.834285799995996,non_dominated,[],[],0.0
boundary_bpe-8192,boundary_bpe,8192,language,,gu,complete,3.593271028037383,0.0,2675,8192,53.92111880000448,dominated,"[""sp_unigram-8192""]",[],0.0
uniq_superbpe_r64-8192,uniq_superbpe_r64,8192,language,,gu,complete,2.991596638655462,38.18860877684407,3213,8192,157.98209089998272,dominated,"[""boundary_bpe-8192"", ""sp_unigram-8192""]",[],0.0
sp_unigram-16384,sp_unigram,16384,language,,gu,complete,4.497894244267665,0.0,2137,16384,35.15026740002213,non_dominated,[],[],0.0
boundary_bpe-16384,boundary_bpe,16384,language,,gu,complete,4.241835834068843,0.0,2266,16384,81.80001249999623,dominated,"[""sp_unigram-16384""]",[],0.0
uniq_superbpe_r64-16384,uniq_superbpe_r64,16384,language,,gu,complete,4.279608192341941,22.30632235084595,2246,16384,164.34531380000408,dominated,"[""sp_unigram-16384""]",[],0.0
sp_unigram-32768,sp_unigram,32768,language,,gu,complete,5.266849315068493,0.0,1825,32768,23.030076499999268,non_dominated,[],[],0.0
boundary_bpe-32768,boundary_bpe,32768,language,,gu,complete,4.577142857142857,0.0,2100,32768,111.00910029999795,dominated,"[""sp_unigram-32768""]",[],0.0
uniq_superbpe_r64-32768,uniq_superbpe_r64,32768,language,,gu,complete,4.906584992343032,17.457886676875958,1959,32768,177.08818469999824,dominated,"[""sp_unigram-32768""]",[],0.0
sp_unigram-65536,sp_unigram,65536,language,,gu,complete,6.352941176470588,0.0,1513,65536,12.838991500000702,non_dominated,[],[],0.0
boundary_bpe-65536,boundary_bpe,65536,language,,gu,complete,4.849646821392533,0.0,1982,65536,110.46809020001092,dominated,"[""sp_unigram-32768"", ""sp_unigram-65536""]",[],0.0
uniq_superbpe_r64-65536,uniq_superbpe_r64,65536,language,,gu,complete,5.409116488463703,13.33708497467642,1777,65536,164.48556890001055,dominated,"[""sp_unigram-65536""]",[],0.0
boundary_bpe-131072,boundary_bpe,131072,language,,gu,complete,5.104620286776421,0.0,1883,131072,146.1055148000014,dominated,"[""sp_unigram-32768"", ""sp_unigram-65536""]",[],0.0
uniq_superbpe_r64-131072,uniq_superbpe_r64,131072,language,,gu,complete,5.549653579676674,11.778290993071593,1732,131072,204.2958939000091,dominated,"[""sp_unigram-65536""]",[],0.0
sp_unigram-131072,sp_unigram,131072,language,,gu,budget_not_reached,,,,,,not_classified_missing_condition,[],[],0.0
sp_unigram-8192,sp_unigram,8192,language,,gu,complete,3.682758620689655,0.0,2610,8192,37.834285799995996,non_dominated,[],[],0.01
boundary_bpe-8192,boundary_bpe,8192,language,,gu,complete,3.593271028037383,0.0,2675,8192,53.92111880000448,dominated,"[""sp_unigram-8192""]",[],0.01
uniq_superbpe_r64-8192,uniq_superbpe_r64,8192,language,,gu,complete,2.991596638655462,38.18860877684407,3213,8192,157.98209089998272,dominated,"[""boundary_bpe-8192"", ""sp_unigram-8192""]",[],0.01
sp_unigram-16384,sp_unigram,16384,language,,gu,complete,4.497894244267665,0.0,2137,16384,35.15026740002213,non_dominated,[],[],0.01
boundary_bpe-16384,boundary_bpe,16384,language,,gu,complete,4.241835834068843,0.0,2266,16384,81.80001249999623,dominated,"[""sp_unigram-16384""]",[],0.01
uniq_superbpe_r64-16384,uniq_superbpe_r64,16384,language,,gu,complete,4.279608192341941,22.30632235084595,2246,16384,164.34531380000408,dominated,"[""sp_unigram-16384""]",[],0.01
sp_unigram-32768,sp_unigram,32768,language,,gu,complete,5.266849315068493,0.0,1825,32768,23.030076499999268,non_dominated,[],[],0.01
boundary_bpe-32768,boundary_bpe,32768,language,,gu,complete,4.577142857142857,0.0,2100,32768,111.00910029999795,dominated,"[""sp_unigram-32768""]",[],0.01
uniq_superbpe_r64-32768,uniq_superbpe_r64,32768,language,,gu,complete,4.906584992343032,17.457886676875958,1959,32768,177.08818469999824,dominated,"[""sp_unigram-32768""]",[],0.01
sp_unigram-65536,sp_unigram,65536,language,,gu,complete,6.352941176470588,0.0,1513,65536,12.838991500000702,non_dominated,[],[],0.01
boundary_bpe-65536,boundary_bpe,65536,language,,gu,complete,4.849646821392533,0.0,1982,65536,110.46809020001092,dominated,"[""sp_unigram-32768"", ""sp_unigram-65536""]",[],0.01
uniq_superbpe_r64-65536,uniq_superbpe_r64,65536,language,,gu,complete,5.409116488463703,13.33708497467642,1777,65536,164.48556890001055,dominated,"[""sp_unigram-65536""]",[],0.01
boundary_bpe-131072,boundary_bpe,131072,language,,gu,complete,5.104620286776421,0.0,1883,131072,146.1055148000014,dominated,"[""sp_unigram-32768"", ""sp_unigram-65536""]",[],0.01
uniq_superbpe_r64-131072,uniq_superbpe_r64,131072,language,,gu,complete,5.549653579676674,11.778290993071593,1732,131072,204.2958939000091,dominated,"[""sp_unigram-65536""]",[],0.01
sp_unigram-131072,sp_unigram,131072,language,,gu,budget_not_reached,,,,,,not_classified_missing_condition,[],[],0.01
sp_unigram-8192,sp_unigram,8192,language,,gu,complete,3.682758620689655,0.0,2610,8192,37.834285799995996,non_dominated,[],[],0.05
boundary_bpe-8192,boundary_bpe,8192,language,,gu,complete,3.593271028037383,0.0,2675,8192,53.92111880000448,dominated,"[""sp_unigram-8192""]",[],0.05
uniq_superbpe_r64-8192,uniq_superbpe_r64,8192,language,,gu,complete,2.991596638655462,38.18860877684407,3213,8192,157.98209089998272,dominated,"[""boundary_bpe-8192"", ""sp_unigram-8192""]",[],0.05
sp_unigram-16384,sp_unigram,16384,language,,gu,complete,4.497894244267665,0.0,2137,16384,35.15026740002213,non_dominated,[],[],0.05
boundary_bpe-16384,boundary_bpe,16384,language,,gu,complete,4.241835834068843,0.0,2266,16384,81.80001249999623,dominated,"[""sp_unigram-16384""]",[],0.05
uniq_superbpe_r64-16384,uniq_superbpe_r64,16384,language,,gu,complete,4.279608192341941,22.30632235084595,2246,16384,164.34531380000408,dominated,"[""sp_unigram-16384""]",[],0.05
sp_unigram-32768,sp_unigram,32768,language,,gu,complete,5.266849315068493,0.0,1825,32768,23.030076499999268,non_dominated,[],[],0.05
boundary_bpe-32768,boundary_bpe,32768,language,,gu,complete,4.577142857142857,0.0,2100,32768,111.00910029999795,dominated,"[""sp_unigram-32768""]",[],0.05
uniq_superbpe_r64-32768,uniq_superbpe_r64,32768,language,,gu,complete,4.906584992343032,17.457886676875958,1959,32768,177.08818469999824,dominated,"[""sp_unigram-32768""]",[],0.05
sp_unigram-65536,sp_unigram,65536,language,,gu,complete,6.352941176470588,0.0,1513,65536,12.838991500000702,non_dominated,[],[],0.05
boundary_bpe-65536,boundary_bpe,65536,language,,gu,complete,4.849646821392533,0.0,1982,65536,110.46809020001092,dominated,"[""sp_unigram-32768"", ""sp_unigram-65536""]",[],0.05
uniq_superbpe_r64-65536,uniq_superbpe_r64,65536,language,,gu,complete,5.409116488463703,13.33708497467642,1777,65536,164.48556890001055,dominated,"[""sp_unigram-65536""]",[],0.05
boundary_bpe-131072,boundary_bpe,131072,language,,gu,complete,5.104620286776421,0.0,1883,131072,146.1055148000014,dominated,"[""sp_unigram-32768"", ""sp_unigram-65536""]",[],0.05
uniq_superbpe_r64-131072,uniq_superbpe_r64,131072,language,,gu,complete,5.549653579676674,11.778290993071593,1732,131072,204.2958939000091,dominated,"[""sp_unigram-65536""]",[],0.05
sp_unigram-131072,sp_unigram,131072,language,,gu,budget_not_reached,,,,,,not_classified_missing_condition,[],[],0.05
sp_unigram-8192,sp_unigram,8192,language,,hi,complete,3.9244253992987925,0.0,2567,8192,37.834285799995996,non_dominated,[],[],0.0
boundary_bpe-8192,boundary_bpe,8192,language,,hi,complete,3.5285464098073556,0.0,2855,8192,53.92111880000448,dominated,"[""sp_unigram-8192""]",[],0.0
uniq_superbpe_r64-8192,uniq_superbpe_r64,8192,language,,hi,complete,3.27396815079623,35.4891127721807,3077,8192,157.98209089998272,dominated,"[""boundary_bpe-8192"", ""sp_unigram-8192""]",[],0.0
sp_unigram-16384,sp_unigram,16384,language,,hi,complete,4.9772727272727275,0.0,2024,16384,35.15026740002213,non_dominated,[],[],0.0
boundary_bpe-16384,boundary_bpe,16384,language,,hi,complete,4.211538461538462,0.0,2392,16384,81.80001249999623,dominated,"[""sp_unigram-16384""]",[],0.0
uniq_superbpe_r64-16384,uniq_superbpe_r64,16384,language,,hi,complete,4.727358047864852,18.864382918817455,2131,16384,164.34531380000408,dominated,"[""sp_unigram-16384""]",[],0.0
sp_unigram-32768,sp_unigram,32768,language,,hi,complete,5.776376146788991,0.0,1744,32768,23.030076499999268,non_dominated,[],[],0.0
boundary_bpe-32768,boundary_bpe,32768,language,,hi,complete,4.581173260572988,0.0,2199,32768,111.00910029999795,dominated,"[""sp_unigram-16384"", ""sp_unigram-32768""]",[],0.0
uniq_superbpe_r64-32768,uniq_superbpe_r64,32768,language,,hi,complete,5.290966386554622,13.865546218487395,1904,32768,177.08818469999824,dominated,"[""sp_unigram-32768""]",[],0.0
sp_unigram-65536,sp_unigram,65536,language,,hi,complete,6.640738299274885,0.0,1517,65536,12.838991500000702,non_dominated,[],[],0.0
boundary_bpe-65536,boundary_bpe,65536,language,,hi,complete,4.785748218527316,0.0,2105,65536,110.46809020001092,dominated,"[""sp_unigram-16384"", ""sp_unigram-32768"", ""sp_unigram-65536""]",[],0.0
uniq_superbpe_r64-65536,uniq_superbpe_r64,65536,language,,hi,complete,5.73037542662116,10.750853242320819,1758,65536,164.48556890001055,dominated,"[""sp_unigram-32768"", ""sp_unigram-65536""]",[],0.0
boundary_bpe-131072,boundary_bpe,131072,language,,hi,complete,4.979733069698468,0.0,2023,131072,146.1055148000014,dominated,"[""sp_unigram-32768"", ""sp_unigram-65536""]",[],0.0
uniq_superbpe_r64-131072,uniq_superbpe_r64,131072,language,,hi,complete,5.860383944153577,9.075043630017452,1719,131072,204.2958939000091,dominated,"[""sp_unigram-65536""]",[],0.0
sp_unigram-131072,sp_unigram,131072,language,,hi,budget_not_reached,,,,,,not_classified_missing_condition,[],[],0.0
sp_unigram-8192,sp_unigram,8192,language,,hi,complete,3.9244253992987925,0.0,2567,8192,37.834285799995996,non_dominated,[],[],0.01
boundary_bpe-8192,boundary_bpe,8192,language,,hi,complete,3.5285464098073556,0.0,2855,8192,53.92111880000448,dominated,"[""sp_unigram-8192""]",[],0.01
uniq_superbpe_r64-8192,uniq_superbpe_r64,8192,language,,hi,complete,3.27396815079623,35.4891127721807,3077,8192,157.98209089998272,dominated,"[""boundary_bpe-8192"", ""sp_unigram-8192""]",[],0.01
sp_unigram-16384,sp_unigram,16384,language,,hi,complete,4.9772727272727275,0.0,2024,16384,35.15026740002213,non_dominated,[],[],0.01
boundary_bpe-16384,boundary_bpe,16384,language,,hi,complete,4.211538461538462,0.0,2392,16384,81.80001249999623,dominated,"[""sp_unigram-16384""]",[],0.01
uniq_superbpe_r64-16384,uniq_superbpe_r64,16384,language,,hi,complete,4.727358047864852,18.864382918817455,2131,16384,164.34531380000408,dominated,"[""sp_unigram-16384""]",[],0.01
sp_unigram-32768,sp_unigram,32768,language,,hi,complete,5.776376146788991,0.0,1744,32768,23.030076499999268,non_dominated,[],[],0.01
boundary_bpe-32768,boundary_bpe,32768,language,,hi,complete,4.581173260572988,0.0,2199,32768,111.00910029999795,dominated,"[""sp_unigram-16384"", ""sp_unigram-32768""]",[],0.01
uniq_superbpe_r64-32768,uniq_superbpe_r64,32768,language,,hi,complete,5.290966386554622,13.865546218487395,1904,32768,177.08818469999824,dominated,"[""sp_unigram-32768""]",[],0.01
sp_unigram-65536,sp_unigram,65536,language,,hi,complete,6.640738299274885,0.0,1517,65536,12.838991500000702,non_dominated,[],[],0.01
boundary_bpe-65536,boundary_bpe,65536,language,,hi,complete,4.785748218527316,0.0,2105,65536,110.46809020001092,dominated,"[""sp_unigram-16384"", ""sp_unigram-32768"", ""sp_unigram-65536""]",[],0.01
uniq_superbpe_r64-65536,uniq_superbpe_r64,65536,language,,hi,complete,5.73037542662116,10.750853242320819,1758,65536,164.48556890001055,dominated,"[""sp_unigram-32768"", ""sp_unigram-65536""]",[],0.01
boundary_bpe-131072,boundary_bpe,131072,language,,hi,complete,4.979733069698468,0.0,2023,131072,146.1055148000014,dominated,"[""sp_unigram-32768"", ""sp_unigram-65536""]",[],0.01
uniq_superbpe_r64-131072,uniq_superbpe_r64,131072,language,,hi,complete,5.860383944153577,9.075043630017452,1719,131072,204.2958939000091,dominated,"[""sp_unigram-65536""]",[],0.01
sp_unigram-131072,sp_unigram,131072,language,,hi,budget_not_reached,,,,,,not_classified_missing_condition,[],[],0.01
sp_unigram-8192,sp_unigram,8192,language,,hi,complete,3.9244253992987925,0.0,2567,8192,37.834285799995996,non_dominated,[],[],0.05
boundary_bpe-8192,boundary_bpe,8192,language,,hi,complete,3.5285464098073556,0.0,2855,8192,53.92111880000448,dominated,"[""sp_unigram-8192""]",[],0.05
uniq_superbpe_r64-8192,uniq_superbpe_r64,8192,language,,hi,complete,3.27396815079623,35.4891127721807,3077,8192,157.98209089998272,dominated,"[""boundary_bpe-8192"", ""sp_unigram-8192""]",[],0.05
sp_unigram-16384,sp_unigram,16384,language,,hi,complete,4.9772727272727275,0.0,2024,16384,35.15026740002213,non_dominated,[],[],0.05
boundary_bpe-16384,boundary_bpe,16384,language,,hi,complete,4.211538461538462,0.0,2392,16384,81.80001249999623,dominated,"[""sp_unigram-16384""]",[],0.05
uniq_superbpe_r64-16384,uniq_superbpe_r64,16384,language,,hi,complete,4.727358047864852,18.864382918817455,2131,16384,164.34531380000408,dominated,"[""sp_unigram-16384""]",[],0.05
sp_unigram-32768,sp_unigram,32768,language,,hi,complete,5.776376146788991,0.0,1744,32768,23.030076499999268,non_dominated,[],[],0.05
boundary_bpe-32768,boundary_bpe,32768,language,,hi,complete,4.581173260572988,0.0,2199,32768,111.00910029999795,dominated,"[""sp_unigram-16384"", ""sp_unigram-32768""]",[],0.05
uniq_superbpe_r64-32768,uniq_superbpe_r64,32768,language,,hi,complete,5.290966386554622,13.865546218487395,1904,32768,177.08818469999824,dominated,"[""sp_unigram-32768""]",[],0.05
sp_unigram-65536,sp_unigram,65536,language,,hi,complete,6.640738299274885,0.0,1517,65536,12.838991500000702,non_dominated,[],[],0.05
boundary_bpe-65536,boundary_bpe,65536,language,,hi,complete,4.785748218527316,0.0,2105,65536,110.46809020001092,dominated,"[""sp_unigram-16384"", ""sp_unigram-32768"", ""sp_unigram-65536""]",[],0.05
uniq_superbpe_r64-65536,uniq_superbpe_r64,65536,language,,hi,complete,5.73037542662116,10.750853242320819,1758,65536,164.48556890001055,dominated,"[""sp_unigram-32768"", ""sp_unigram-65536""]",[],0.05
boundary_bpe-131072,boundary_bpe,131072,language,,hi,complete,4.979733069698468,0.0,2023,131072,146.1055148000014,dominated,"[""sp_unigram-32768"", ""sp_unigram-65536""]",[],0.05
uniq_superbpe_r64-131072,uniq_superbpe_r64,131072,language,,hi,complete,5.860383944153577,9.075043630017452,1719,131072,204.2958939000091,dominated,"[""sp_unigram-65536""]",[],0.05
sp_unigram-131072,sp_unigram,131072,language,,hi,budget_not_reached,,,,,,not_classified_missing_condition,[],[],0.05
sp_unigram-8192,sp_unigram,8192,language,,ja,complete,3.0876132930513593,4.8942598187311175,1655,8192,37.834285799995996,non_dominated,[],[],0.0
boundary_bpe-8192,boundary_bpe,8192,language,,ja,complete,3.089480048367594,4.897218863361548,1654,8192,53.92111880000448,non_dominated,[],[],0.0
uniq_superbpe_r64-8192,uniq_superbpe_r64,8192,language,,ja,complete,3.029045643153527,4.801422643746295,1687,8192,157.98209089998272,non_dominated,[],[],0.0
sp_unigram-16384,sp_unigram,16384,language,,ja,complete,3.3031674208144794,5.235940530058177,1547,16384,35.15026740002213,non_dominated,[],[],0.0
boundary_bpe-16384,boundary_bpe,16384,language,,ja,complete,3.485675306957708,5.525238744884038,1466,16384,81.80001249999623,non_dominated,[],[],0.0
uniq_superbpe_r64-16384,uniq_superbpe_r64,16384,language,,ja,complete,3.3930942895086322,5.378486055776892,1506,16384,164.34531380000408,non_dominated,[],[],0.0
sp_unigram-32768,sp_unigram,32768,language,,ja,complete,3.5684357541899443,5.656424581005586,1432,32768,23.030076499999268,non_dominated,[],[],0.0
boundary_bpe-32768,boundary_bpe,32768,language,,ja,complete,3.7490829053558326,5.9427732942039615,1363,32768,111.00910029999795,non_dominated,[],[],0.0
uniq_superbpe_r64-32768,uniq_superbpe_r64,32768,language,,ja,complete,3.585964912280702,5.684210526315789,1425,32768,177.08818469999824,non_dominated,[],[],0.0
sp_unigram-65536,sp_unigram,65536,language,,ja,complete,3.819133034379671,6.053811659192825,1338,65536,12.838991500000702,non_dominated,[],[],0.0
boundary_bpe-65536,boundary_bpe,65536,language,,ja,complete,4.001566170712608,6.3429913860610805,1277,65536,110.46809020001092,non_dominated,[],[],0.0
uniq_superbpe_r64-65536,uniq_superbpe_r64,65536,language,,ja,complete,3.7490829053558326,5.9427732942039615,1363,65536,164.48556890001055,dominated,"[""boundary_bpe-32768""]",[],0.0
boundary_bpe-131072,boundary_bpe,131072,language,,ja,complete,4.127625201938611,6.54281098546042,1238,131072,146.1055148000014,non_dominated,[],[],0.0
uniq_superbpe_r64-131072,uniq_superbpe_r64,131072,language,,ja,complete,3.6266855926188786,5.748757984386089,1409,131072,204.2958939000091,non_dominated,[],[],0.0
sp_unigram-131072,sp_unigram,131072,language,,ja,budget_not_reached,,,,,,not_classified_missing_condition,[],[],0.0
sp_unigram-8192,sp_unigram,8192,language,,ja,complete,3.0876132930513593,4.8942598187311175,1655,8192,37.834285799995996,non_dominated,[],[],0.01
boundary_bpe-8192,boundary_bpe,8192,language,,ja,complete,3.089480048367594,4.897218863361548,1654,8192,53.92111880000448,non_dominated,[],[],0.01
uniq_superbpe_r64-8192,uniq_superbpe_r64,8192,language,,ja,complete,3.029045643153527,4.801422643746295,1687,8192,157.98209089998272,non_dominated,[],[],0.01
sp_unigram-16384,sp_unigram,16384,language,,ja,complete,3.3031674208144794,5.235940530058177,1547,16384,35.15026740002213,non_dominated,[],[],0.01
boundary_bpe-16384,boundary_bpe,16384,language,,ja,complete,3.485675306957708,5.525238744884038,1466,16384,81.80001249999623,non_dominated,[],[],0.01
uniq_superbpe_r64-16384,uniq_superbpe_r64,16384,language,,ja,complete,3.3930942895086322,5.378486055776892,1506,16384,164.34531380000408,non_dominated,[],[],0.01
sp_unigram-32768,sp_unigram,32768,language,,ja,complete,3.5684357541899443,5.656424581005586,1432,32768,23.030076499999268,non_dominated,[],[],0.01
boundary_bpe-32768,boundary_bpe,32768,language,,ja,complete,3.7490829053558326,5.9427732942039615,1363,32768,111.00910029999795,non_dominated,[],[],0.01
uniq_superbpe_r64-32768,uniq_superbpe_r64,32768,language,,ja,complete,3.585964912280702,5.684210526315789,1425,32768,177.08818469999824,non_dominated,[],[],0.01
sp_unigram-65536,sp_unigram,65536,language,,ja,complete,3.819133034379671,6.053811659192825,1338,65536,12.838991500000702,non_dominated,[],[],0.01
boundary_bpe-65536,boundary_bpe,65536,language,,ja,complete,4.001566170712608,6.3429913860610805,1277,65536,110.46809020001092,non_dominated,[],[],0.01
uniq_superbpe_r64-65536,uniq_superbpe_r64,65536,language,,ja,complete,3.7490829053558326,5.9427732942039615,1363,65536,164.48556890001055,dominated,"[""boundary_bpe-32768""]",[],0.01
boundary_bpe-131072,boundary_bpe,131072,language,,ja,complete,4.127625201938611,6.54281098546042,1238,131072,146.1055148000014,non_dominated,[],[],0.01
uniq_superbpe_r64-131072,uniq_superbpe_r64,131072,language,,ja,complete,3.6266855926188786,5.748757984386089,1409,131072,204.2958939000091,non_dominated,[],[],0.01
sp_unigram-131072,sp_unigram,131072,language,,ja,budget_not_reached,,,,,,not_classified_missing_condition,[],[],0.01
sp_unigram-8192,sp_unigram,8192,language,,ja,complete,3.0876132930513593,4.8942598187311175,1655,8192,37.834285799995996,non_dominated,[],[],0.05
boundary_bpe-8192,boundary_bpe,8192,language,,ja,complete,3.089480048367594,4.897218863361548,1654,8192,53.92111880000448,non_dominated,[],[],0.05
uniq_superbpe_r64-8192,uniq_superbpe_r64,8192,language,,ja,complete,3.029045643153527,4.801422643746295,1687,8192,157.98209089998272,non_dominated,[],[],0.05
sp_unigram-16384,sp_unigram,16384,language,,ja,complete,3.3031674208144794,5.235940530058177,1547,16384,35.15026740002213,non_dominated,[],[],0.05
boundary_bpe-16384,boundary_bpe,16384,language,,ja,complete,3.485675306957708,5.525238744884038,1466,16384,81.80001249999623,non_dominated,[],[],0.05
uniq_superbpe_r64-16384,uniq_superbpe_r64,16384,language,,ja,complete,3.3930942895086322,5.378486055776892,1506,16384,164.34531380000408,non_dominated,[],[],0.05
sp_unigram-32768,sp_unigram,32768,language,,ja,complete,3.5684357541899443,5.656424581005586,1432,32768,23.030076499999268,non_dominated,[],[],0.05
boundary_bpe-32768,boundary_bpe,32768,language,,ja,complete,3.7490829053558326,5.9427732942039615,1363,32768,111.00910029999795,non_dominated,[],[],0.05
uniq_superbpe_r64-32768,uniq_superbpe_r64,32768,language,,ja,complete,3.585964912280702,5.684210526315789,1425,32768,177.08818469999824,non_dominated,[],[],0.05
sp_unigram-65536,sp_unigram,65536,language,,ja,complete,3.819133034379671,6.053811659192825,1338,65536,12.838991500000702,non_dominated,[],[],0.05
boundary_bpe-65536,boundary_bpe,65536,language,,ja,complete,4.001566170712608,6.3429913860610805,1277,65536,110.46809020001092,non_dominated,[],[],0.05
uniq_superbpe_r64-65536,uniq_superbpe_r64,65536,language,,ja,complete,3.7490829053558326,5.9427732942039615,1363,65536,164.48556890001055,dominated,"[""boundary_bpe-32768""]",[],0.05
boundary_bpe-131072,boundary_bpe,131072,language,,ja,complete,4.127625201938611,6.54281098546042,1238,131072,146.1055148000014,non_dominated,[],[],0.05
uniq_superbpe_r64-131072,uniq_superbpe_r64,131072,language,,ja,complete,3.6266855926188786,5.748757984386089,1409,131072,204.2958939000091,non_dominated,[],[],0.05
sp_unigram-131072,sp_unigram,131072,language,,ja,budget_not_reached,,,,,,not_classified_missing_condition,[],[],0.05
sp_unigram-8192,sp_unigram,8192,language,,kn,complete,4.124544792425346,0.0,2746,8192,37.834285799995996,non_dominated,[],[],0.0
boundary_bpe-8192,boundary_bpe,8192,language,,kn,complete,3.8947730398899587,0.0,2908,8192,53.92111880000448,dominated,"[""sp_unigram-8192""]",[],0.0
uniq_superbpe_r64-8192,uniq_superbpe_r64,8192,language,,kn,complete,3.360830860534125,29.910979228486646,3370,8192,157.98209089998272,dominated,"[""boundary_bpe-8192"", ""sp_unigram-8192""]",[],0.0
sp_unigram-16384,sp_unigram,16384,language,,kn,complete,4.974088713219148,0.0,2277,16384,35.15026740002213,non_dominated,[],[],0.0
boundary_bpe-16384,boundary_bpe,16384,language,,kn,complete,4.750838926174497,0.0,2384,16384,81.80001249999623,dominated,"[""sp_unigram-16384""]",[],0.0
uniq_superbpe_r64-16384,uniq_superbpe_r64,16384,language,,kn,complete,4.703488372093023,11.212624584717608,2408,16384,164.34531380000408,dominated,"[""boundary_bpe-16384"", ""sp_unigram-16384""]",[],0.0
sp_unigram-32768,sp_unigram,32768,language,,kn,complete,5.6573426573426575,0.0,2002,32768,23.030076499999268,non_dominated,[],[],0.0
boundary_bpe-32768,boundary_bpe,32768,language,,kn,complete,5.238667900092507,0.0,2162,32768,111.00910029999795,dominated,"[""sp_unigram-32768""]",[],0.0
uniq_superbpe_r64-32768,uniq_superbpe_r64,32768,language,,kn,complete,5.2974742750233865,4.770813844714687,2138,32768,177.08818469999824,dominated,"[""sp_unigram-32768""]",[],0.0
sp_unigram-65536,sp_unigram,65536,language,,kn,complete,6.8559322033898304,0.0,1652,65536,12.838991500000702,non_dominated,[],[],0.0
boundary_bpe-65536,boundary_bpe,65536,language,,kn,complete,5.651696606786427,0.0,2004,65536,110.46809020001092,dominated,"[""sp_unigram-32768"", ""sp_unigram-65536""]",[],0.0
uniq_superbpe_r64-65536,uniq_superbpe_r64,65536,language,,kn,complete,5.595849802371541,2.816205533596838,2024,65536,164.48556890001055,dominated,"[""boundary_bpe-65536"", ""sp_unigram-32768"", ""sp_unigram-65536""]",[],0.0
boundary_bpe-131072,boundary_bpe,131072,language,,kn,complete,5.908189880020866,0.0,1917,131072,146.1055148000014,dominated,"[""sp_unigram-65536""]",[],0.0
uniq_superbpe_r64-131072,uniq_superbpe_r64,131072,language,,kn,complete,5.671507260891337,1.9529293940911367,1997,131072,204.2958939000091,dominated,"[""boundary_bpe-131072"", ""sp_unigram-65536""]",[],0.0
sp_unigram-131072,sp_unigram,131072,language,,kn,budget_not_reached,,,,,,not_classified_missing_condition,[],[],0.0
sp_unigram-8192,sp_unigram,8192,language,,kn,complete,4.124544792425346,0.0,2746,8192,37.834285799995996,non_dominated,[],[],0.01
boundary_bpe-8192,boundary_bpe,8192,language,,kn,complete,3.8947730398899587,0.0,2908,8192,53.92111880000448,dominated,"[""sp_unigram-8192""]",[],0.01
uniq_superbpe_r64-8192,uniq_superbpe_r64,8192,language,,kn,complete,3.360830860534125,29.910979228486646,3370,8192,157.98209089998272,dominated,"[""boundary_bpe-8192"", ""sp_unigram-8192""]",[],0.01
sp_unigram-16384,sp_unigram,16384,language,,kn,complete,4.974088713219148,0.0,2277,16384,35.15026740002213,non_dominated,[],[],0.01
boundary_bpe-16384,boundary_bpe,16384,language,,kn,complete,4.750838926174497,0.0,2384,16384,81.80001249999623,dominated,"[""sp_unigram-16384""]",[],0.01
uniq_superbpe_r64-16384,uniq_superbpe_r64,16384,language,,kn,complete,4.703488372093023,11.212624584717608,2408,16384,164.34531380000408,dominated,"[""boundary_bpe-16384"", ""sp_unigram-16384""]",[],0.01
sp_unigram-32768,sp_unigram,32768,language,,kn,complete,5.6573426573426575,0.0,2002,32768,23.030076499999268,non_dominated,[],[],0.01
boundary_bpe-32768,boundary_bpe,32768,language,,kn,complete,5.238667900092507,0.0,2162,32768,111.00910029999795,dominated,"[""sp_unigram-32768""]",[],0.01
uniq_superbpe_r64-32768,uniq_superbpe_r64,32768,language,,kn,complete,5.2974742750233865,4.770813844714687,2138,32768,177.08818469999824,dominated,"[""sp_unigram-32768""]",[],0.01
sp_unigram-65536,sp_unigram,65536,language,,kn,complete,6.8559322033898304,0.0,1652,65536,12.838991500000702,non_dominated,[],[],0.01
boundary_bpe-65536,boundary_bpe,65536,language,,kn,complete,5.651696606786427,0.0,2004,65536,110.46809020001092,dominated,"[""sp_unigram-32768"", ""sp_unigram-65536""]",[],0.01
uniq_superbpe_r64-65536,uniq_superbpe_r64,65536,language,,kn,complete,5.595849802371541,2.816205533596838,2024,65536,164.48556890001055,dominated,"[""boundary_bpe-65536"", ""sp_unigram-32768"", ""sp_unigram-65536""]",[],0.01
boundary_bpe-131072,boundary_bpe,131072,language,,kn,complete,5.908189880020866,0.0,1917,131072,146.1055148000014,dominated,"[""sp_unigram-65536""]",[],0.01
uniq_superbpe_r64-131072,uniq_superbpe_r64,131072,language,,kn,complete,5.671507260891337,1.9529293940911367,1997,131072,204.2958939000091,dominated,"[""boundary_bpe-131072"", ""sp_unigram-65536""]",[],0.01
sp_unigram-131072,sp_unigram,131072,language,,kn,budget_not_reached,,,,,,not_classified_missing_condition,[],[],0.01
sp_unigram-8192,sp_unigram,8192,language,,kn,complete,4.124544792425346,0.0,2746,8192,37.834285799995996,non_dominated,[],[],0.05
boundary_bpe-8192,boundary_bpe,8192,language,,kn,complete,3.8947730398899587,0.0,2908,8192,53.92111880000448,dominated,"[""sp_unigram-8192""]",[],0.05
uniq_superbpe_r64-8192,uniq_superbpe_r64,8192,language,,kn,complete,3.360830860534125,29.910979228486646,3370,8192,157.98209089998272,dominated,"[""boundary_bpe-8192"", ""sp_unigram-8192""]",[],0.05
sp_unigram-16384,sp_unigram,16384,language,,kn,complete,4.974088713219148,0.0,2277,16384,35.15026740002213,non_dominated,[],[],0.05
boundary_bpe-16384,boundary_bpe,16384,language,,kn,complete,4.750838926174497,0.0,2384,16384,81.80001249999623,dominated,"[""sp_unigram-16384""]",[],0.05
uniq_superbpe_r64-16384,uniq_superbpe_r64,16384,language,,kn,complete,4.703488372093023,11.212624584717608,2408,16384,164.34531380000408,dominated,"[""boundary_bpe-16384"", ""sp_unigram-16384""]",[],0.05
sp_unigram-32768,sp_unigram,32768,language,,kn,complete,5.6573426573426575,0.0,2002,32768,23.030076499999268,non_dominated,[],[],0.05
boundary_bpe-32768,boundary_bpe,32768,language,,kn,complete,5.238667900092507,0.0,2162,32768,111.00910029999795,dominated,"[""sp_unigram-32768""]",[],0.05
uniq_superbpe_r64-32768,uniq_superbpe_r64,32768,language,,kn,complete,5.2974742750233865,4.770813844714687,2138,32768,177.08818469999824,dominated,"[""sp_unigram-32768""]",[],0.05
sp_unigram-65536,sp_unigram,65536,language,,kn,complete,6.8559322033898304,0.0,1652,65536,12.838991500000702,non_dominated,[],[],0.05
boundary_bpe-65536,boundary_bpe,65536,language,,kn,complete,5.651696606786427,0.0,2004,65536,110.46809020001092,dominated,"[""sp_unigram-32768"", ""sp_unigram-65536""]",[],0.05
uniq_superbpe_r64-65536,uniq_superbpe_r64,65536,language,,kn,complete,5.595849802371541,2.816205533596838,2024,65536,164.48556890001055,dominated,"[""boundary_bpe-65536"", ""sp_unigram-32768"", ""sp_unigram-65536""]",[],0.05
boundary_bpe-131072,boundary_bpe,131072,language,,kn,complete,5.908189880020866,0.0,1917,131072,146.1055148000014,dominated,"[""sp_unigram-65536""]",[],0.05
uniq_superbpe_r64-131072,uniq_superbpe_r64,131072,language,,kn,complete,5.671507260891337,1.9529293940911367,1997,131072,204.2958939000091,dominated,"[""boundary_bpe-131072"", ""sp_unigram-65536""]",[],0.05
sp_unigram-131072,sp_unigram,131072,language,,kn,budget_not_reached,,,,,,not_classified_missing_condition,[],[],0.05
sp_unigram-8192,sp_unigram,8192,language,,ko,complete,2.505291005291005,2.380952380952381,1890,8192,37.834285799995996,non_dominated,[],[],0.0
boundary_bpe-8192,boundary_bpe,8192,language,,ko,complete,2.4764644351464433,2.3535564853556483,1912,8192,53.92111880000448,non_dominated,[],[],0.0
uniq_superbpe_r64-8192,uniq_superbpe_r64,8192,language,,ko,complete,2.744927536231884,2.608695652173913,1725,8192,157.98209089998272,non_dominated,[],[],0.0
sp_unigram-16384,sp_unigram,16384,language,,ko,complete,2.6888131743327657,2.5553662691652472,1761,16384,35.15026740002213,non_dominated,[],[],0.0
boundary_bpe-16384,boundary_bpe,16384,language,,ko,complete,2.6437744276940256,2.512562814070352,1791,16384,81.80001249999623,non_dominated,[],[],0.0
uniq_superbpe_r64-16384,uniq_superbpe_r64,16384,language,,ko,complete,3.106955380577428,2.952755905511811,1524,16384,164.34531380000408,non_dominated,[],[],0.0
sp_unigram-32768,sp_unigram,32768,language,,ko,complete,2.9817380352644838,2.8337531486146097,1588,32768,23.030076499999268,non_dominated,[],[],0.0
boundary_bpe-32768,boundary_bpe,32768,language,,ko,complete,2.765771028037383,2.628504672897196,1712,32768,111.00910029999795,non_dominated,[],[],0.0
uniq_superbpe_r64-32768,uniq_superbpe_r64,32768,language,,ko,complete,3.2655172413793103,3.103448275862069,1450,32768,177.08818469999824,non_dominated,[],[],0.0
sp_unigram-65536,sp_unigram,65536,language,,ko,complete,3.391833810888252,3.2234957020057307,1396,65536,12.838991500000702,non_dominated,[],[],0.0
boundary_bpe-65536,boundary_bpe,65536,language,,ko,complete,2.8924862553451436,2.748930971288943,1637,65536,110.46809020001092,non_dominated,[],[],0.0
uniq_superbpe_r64-65536,uniq_superbpe_r64,65536,language,,ko,complete,3.5256887565152644,3.3507073715562172,1343,65536,164.48556890001055,non_dominated,[],[],0.0
boundary_bpe-131072,boundary_bpe,131072,language,,ko,complete,2.9836168872085698,2.835538752362949,1587,131072,146.1055148000014,non_dominated,[],[],0.0
uniq_superbpe_r64-131072,uniq_superbpe_r64,131072,language,,ko,complete,3.5898407884761183,3.411675511751327,1319,131072,204.2958939000091,non_dominated,[],[],0.0
sp_unigram-131072,sp_unigram,131072,language,,ko,budget_not_reached,,,,,,not_classified_missing_condition,[],[],0.0
sp_unigram-8192,sp_unigram,8192,language,,ko,complete,2.505291005291005,2.380952380952381,1890,8192,37.834285799995996,non_dominated,[],[],0.01
boundary_bpe-8192,boundary_bpe,8192,language,,ko,complete,2.4764644351464433,2.3535564853556483,1912,8192,53.92111880000448,non_dominated,[],[],0.01
uniq_superbpe_r64-8192,uniq_superbpe_r64,8192,language,,ko,complete,2.744927536231884,2.608695652173913,1725,8192,157.98209089998272,non_dominated,[],[],0.01
sp_unigram-16384,sp_unigram,16384,language,,ko,complete,2.6888131743327657,2.5553662691652472,1761,16384,35.15026740002213,non_dominated,[],[],0.01
boundary_bpe-16384,boundary_bpe,16384,language,,ko,complete,2.6437744276940256,2.512562814070352,1791,16384,81.80001249999623,non_dominated,[],[],0.01
uniq_superbpe_r64-16384,uniq_superbpe_r64,16384,language,,ko,complete,3.106955380577428,2.952755905511811,1524,16384,164.34531380000408,non_dominated,[],[],0.01
sp_unigram-32768,sp_unigram,32768,language,,ko,complete,2.9817380352644838,2.8337531486146097,1588,32768,23.030076499999268,non_dominated,[],[],0.01
boundary_bpe-32768,boundary_bpe,32768,language,,ko,complete,2.765771028037383,2.628504672897196,1712,32768,111.00910029999795,non_dominated,[],[],0.01
uniq_superbpe_r64-32768,uniq_superbpe_r64,32768,language,,ko,complete,3.2655172413793103,3.103448275862069,1450,32768,177.08818469999824,non_dominated,[],[],0.01
sp_unigram-65536,sp_unigram,65536,language,,ko,complete,3.391833810888252,3.2234957020057307,1396,65536,12.838991500000702,non_dominated,[],[],0.01
boundary_bpe-65536,boundary_bpe,65536,language,,ko,complete,2.8924862553451436,2.748930971288943,1637,65536,110.46809020001092,non_dominated,[],[],0.01
uniq_superbpe_r64-65536,uniq_superbpe_r64,65536,language,,ko,complete,3.5256887565152644,3.3507073715562172,1343,65536,164.48556890001055,non_dominated,[],[],0.01
boundary_bpe-131072,boundary_bpe,131072,language,,ko,complete,2.9836168872085698,2.835538752362949,1587,131072,146.1055148000014,non_dominated,[],[],0.01
uniq_superbpe_r64-131072,uniq_superbpe_r64,131072,language,,ko,complete,3.5898407884761183,3.411675511751327,1319,131072,204.2958939000091,non_dominated,[],[],0.01
sp_unigram-131072,sp_unigram,131072,language,,ko,budget_not_reached,,,,,,not_classified_missing_condition,[],[],0.01
sp_unigram-8192,sp_unigram,8192,language,,ko,complete,2.505291005291005,2.380952380952381,1890,8192,37.834285799995996,non_dominated,[],[],0.05
boundary_bpe-8192,boundary_bpe,8192,language,,ko,complete,2.4764644351464433,2.3535564853556483,1912,8192,53.92111880000448,non_dominated,[],[],0.05
uniq_superbpe_r64-8192,uniq_superbpe_r64,8192,language,,ko,complete,2.744927536231884,2.608695652173913,1725,8192,157.98209089998272,non_dominated,[],[],0.05
sp_unigram-16384,sp_unigram,16384,language,,ko,complete,2.6888131743327657,2.5553662691652472,1761,16384,35.15026740002213,non_dominated,[],[],0.05
boundary_bpe-16384,boundary_bpe,16384,language,,ko,complete,2.6437744276940256,2.512562814070352,1791,16384,81.80001249999623,non_dominated,[],[],0.05
uniq_superbpe_r64-16384,uniq_superbpe_r64,16384,language,,ko,complete,3.106955380577428,2.952755905511811,1524,16384,164.34531380000408,non_dominated,[],[],0.05
sp_unigram-32768,sp_unigram,32768,language,,ko,complete,2.9817380352644838,2.8337531486146097,1588,32768,23.030076499999268,non_dominated,[],[],0.05
boundary_bpe-32768,boundary_bpe,32768,language,,ko,complete,2.765771028037383,2.628504672897196,1712,32768,111.00910029999795,non_dominated,[],[],0.05
uniq_superbpe_r64-32768,uniq_superbpe_r64,32768,language,,ko,complete,3.2655172413793103,3.103448275862069,1450,32768,177.08818469999824,non_dominated,[],[],0.05
sp_unigram-65536,sp_unigram,65536,language,,ko,complete,3.391833810888252,3.2234957020057307,1396,65536,12.838991500000702,non_dominated,[],[],0.05
boundary_bpe-65536,boundary_bpe,65536,language,,ko,complete,2.8924862553451436,2.748930971288943,1637,65536,110.46809020001092,non_dominated,[],[],0.05
uniq_superbpe_r64-65536,uniq_superbpe_r64,65536,language,,ko,complete,3.5256887565152644,3.3507073715562172,1343,65536,164.48556890001055,non_dominated,[],[],0.05
boundary_bpe-131072,boundary_bpe,131072,language,,ko,complete,2.9836168872085698,2.835538752362949,1587,131072,146.1055148000014,non_dominated,[],[],0.05
uniq_superbpe_r64-131072,uniq_superbpe_r64,131072,language,,ko,complete,3.5898407884761183,3.411675511751327,1319,131072,204.2958939000091,non_dominated,[],[],0.05
sp_unigram-131072,sp_unigram,131072,language,,ko,budget_not_reached,,,,,,not_classified_missing_condition,[],[],0.05
sp_unigram-8192,sp_unigram,8192,language,,ml,complete,4.049710589036431,0.0,2937,8192,37.834285799995996,non_dominated,[],[],0.0
boundary_bpe-8192,boundary_bpe,8192,language,,ml,complete,4.029132791327913,0.0,2952,8192,53.92111880000448,dominated,"[""sp_unigram-8192""]",[],0.0
uniq_superbpe_r64-8192,uniq_superbpe_r64,8192,language,,ml,complete,3.1802139037433155,40.3475935828877,3740,8192,157.98209089998272,dominated,"[""boundary_bpe-8192"", ""sp_unigram-8192""]",[],0.0
sp_unigram-16384,sp_unigram,16384,language,,ml,complete,4.900700453234446,0.0,2427,16384,35.15026740002213,non_dominated,[],[],0.0
boundary_bpe-16384,boundary_bpe,16384,language,,ml,complete,4.9558333333333335,0.0,2400,16384,81.80001249999623,non_dominated,[],[],0.0
uniq_superbpe_r64-16384,uniq_superbpe_r64,16384,language,,ml,complete,4.78439259855189,20.75623491552695,2486,16384,164.34531380000408,dominated,"[""boundary_bpe-16384"", ""sp_unigram-16384""]",[],0.0
sp_unigram-32768,sp_unigram,32768,language,,ml,complete,5.799122379327158,0.0,2051,32768,23.030076499999268,non_dominated,[],[],0.0
boundary_bpe-32768,boundary_bpe,32768,language,,ml,complete,5.563143124415341,0.0,2138,32768,111.00910029999795,dominated,"[""sp_unigram-32768""]",[],0.0
uniq_superbpe_r64-32768,uniq_superbpe_r64,32768,language,,ml,complete,5.838978890525282,9.425625920471282,2037,32768,177.08818469999824,non_dominated,[],[],0.0
sp_unigram-65536,sp_unigram,65536,language,,ml,complete,7.43375,0.0,1600,65536,12.838991500000702,non_dominated,[],[],0.0
boundary_bpe-65536,boundary_bpe,65536,language,,ml,complete,6.134089736977824,0.0,1939,65536,110.46809020001092,dominated,"[""sp_unigram-65536""]",[],0.0
uniq_superbpe_r64-65536,uniq_superbpe_r64,65536,language,,ml,complete,6.256706996317727,6.628090478695423,1901,65536,164.48556890001055,dominated,"[""sp_unigram-65536""]",[],0.0
boundary_bpe-131072,boundary_bpe,131072,language,,ml,complete,6.394623655913978,0.0,1860,131072,146.1055148000014,dominated,"[""sp_unigram-65536""]",[],0.0
uniq_superbpe_r64-131072,uniq_superbpe_r64,131072,language,,ml,complete,6.42571582928147,5.186385737439222,1851,131072,204.2958939000091,dominated,"[""sp_unigram-65536""]",[],0.0
sp_unigram-131072,sp_unigram,131072,language,,ml,budget_not_reached,,,,,,not_classified_missing_condition,[],[],0.0
sp_unigram-8192,sp_unigram,8192,language,,ml,complete,4.049710589036431,0.0,2937,8192,37.834285799995996,non_dominated,[],[],0.01
boundary_bpe-8192,boundary_bpe,8192,language,,ml,complete,4.029132791327913,0.0,2952,8192,53.92111880000448,dominated,"[""sp_unigram-8192""]",[],0.01
uniq_superbpe_r64-8192,uniq_superbpe_r64,8192,language,,ml,complete,3.1802139037433155,40.3475935828877,3740,8192,157.98209089998272,dominated,"[""boundary_bpe-8192"", ""sp_unigram-8192""]",[],0.01
sp_unigram-16384,sp_unigram,16384,language,,ml,complete,4.900700453234446,0.0,2427,16384,35.15026740002213,non_dominated,[],[],0.01
boundary_bpe-16384,boundary_bpe,16384,language,,ml,complete,4.9558333333333335,0.0,2400,16384,81.80001249999623,non_dominated,[],[],0.01
uniq_superbpe_r64-16384,uniq_superbpe_r64,16384,language,,ml,complete,4.78439259855189,20.75623491552695,2486,16384,164.34531380000408,dominated,"[""boundary_bpe-16384"", ""sp_unigram-16384""]",[],0.01
sp_unigram-32768,sp_unigram,32768,language,,ml,complete,5.799122379327158,0.0,2051,32768,23.030076499999268,non_dominated,[],[],0.01
boundary_bpe-32768,boundary_bpe,32768,language,,ml,complete,5.563143124415341,0.0,2138,32768,111.00910029999795,dominated,"[""sp_unigram-32768""]",[],0.01
uniq_superbpe_r64-32768,uniq_superbpe_r64,32768,language,,ml,complete,5.838978890525282,9.425625920471282,2037,32768,177.08818469999824,non_dominated,[],[],0.01
sp_unigram-65536,sp_unigram,65536,language,,ml,complete,7.43375,0.0,1600,65536,12.838991500000702,non_dominated,[],[],0.01
boundary_bpe-65536,boundary_bpe,65536,language,,ml,complete,6.134089736977824,0.0,1939,65536,110.46809020001092,dominated,"[""sp_unigram-65536""]",[],0.01
uniq_superbpe_r64-65536,uniq_superbpe_r64,65536,language,,ml,complete,6.256706996317727,6.628090478695423,1901,65536,164.48556890001055,dominated,"[""sp_unigram-65536""]",[],0.01
boundary_bpe-131072,boundary_bpe,131072,language,,ml,complete,6.394623655913978,0.0,1860,131072,146.1055148000014,dominated,"[""sp_unigram-65536""]",[],0.01
uniq_superbpe_r64-131072,uniq_superbpe_r64,131072,language,,ml,complete,6.42571582928147,5.186385737439222,1851,131072,204.2958939000091,dominated,"[""sp_unigram-65536""]",[],0.01
sp_unigram-131072,sp_unigram,131072,language,,ml,budget_not_reached,,,,,,not_classified_missing_condition,[],[],0.01
sp_unigram-8192,sp_unigram,8192,language,,ml,complete,4.049710589036431,0.0,2937,8192,37.834285799995996,non_dominated,[],[],0.05
boundary_bpe-8192,boundary_bpe,8192,language,,ml,complete,4.029132791327913,0.0,2952,8192,53.92111880000448,dominated,"[""sp_unigram-8192""]",[],0.05
uniq_superbpe_r64-8192,uniq_superbpe_r64,8192,language,,ml,complete,3.1802139037433155,40.3475935828877,3740,8192,157.98209089998272,dominated,"[""boundary_bpe-8192"", ""sp_unigram-8192""]",[],0.05
sp_unigram-16384,sp_unigram,16384,language,,ml,complete,4.900700453234446,0.0,2427,16384,35.15026740002213,non_dominated,[],[],0.05
boundary_bpe-16384,boundary_bpe,16384,language,,ml,complete,4.9558333333333335,0.0,2400,16384,81.80001249999623,non_dominated,[],[],0.05
uniq_superbpe_r64-16384,uniq_superbpe_r64,16384,language,,ml,complete,4.78439259855189,20.75623491552695,2486,16384,164.34531380000408,dominated,"[""boundary_bpe-16384"", ""sp_unigram-16384""]",[],0.05
sp_unigram-32768,sp_unigram,32768,language,,ml,complete,5.799122379327158,0.0,2051,32768,23.030076499999268,non_dominated,[],[],0.05
boundary_bpe-32768,boundary_bpe,32768,language,,ml,complete,5.563143124415341,0.0,2138,32768,111.00910029999795,dominated,"[""sp_unigram-32768""]",[],0.05
uniq_superbpe_r64-32768,uniq_superbpe_r64,32768,language,,ml,complete,5.838978890525282,9.425625920471282,2037,32768,177.08818469999824,non_dominated,[],[],0.05
sp_unigram-65536,sp_unigram,65536,language,,ml,complete,7.43375,0.0,1600,65536,12.838991500000702,non_dominated,[],[],0.05
boundary_bpe-65536,boundary_bpe,65536,language,,ml,complete,6.134089736977824,0.0,1939,65536,110.46809020001092,dominated,"[""sp_unigram-65536""]",[],0.05
uniq_superbpe_r64-65536,uniq_superbpe_r64,65536,language,,ml,complete,6.256706996317727,6.628090478695423,1901,65536,164.48556890001055,dominated,"[""sp_unigram-65536""]",[],0.05
boundary_bpe-131072,boundary_bpe,131072,language,,ml,complete,6.394623655913978,0.0,1860,131072,146.1055148000014,dominated,"[""sp_unigram-65536""]",[],0.05
uniq_superbpe_r64-131072,uniq_superbpe_r64,131072,language,,ml,complete,6.42571582928147,5.186385737439222,1851,131072,204.2958939000091,dominated,"[""sp_unigram-65536""]",[],0.05
sp_unigram-131072,sp_unigram,131072,language,,ml,budget_not_reached,,,,,,not_classified_missing_condition,[],[],0.05
sp_unigram-8192,sp_unigram,8192,language,,mr,complete,4.186712485681558,0.0,2619,8192,37.834285799995996,non_dominated,[],[],0.0
boundary_bpe-8192,boundary_bpe,8192,language,,mr,complete,4.0076754385964914,0.0,2736,8192,53.92111880000448,dominated,"[""sp_unigram-8192""]",[],0.0
uniq_superbpe_r64-8192,uniq_superbpe_r64,8192,language,,mr,complete,3.2421643997634537,37.07865168539326,3382,8192,157.98209089998272,dominated,"[""boundary_bpe-8192"", ""sp_unigram-8192""]",[],0.0
sp_unigram-16384,sp_unigram,16384,language,,mr,complete,5.297101449275362,0.0,2070,16384,35.15026740002213,non_dominated,[],[],0.0
boundary_bpe-16384,boundary_bpe,16384,language,,mr,complete,4.790301441677588,0.0,2289,16384,81.80001249999623,dominated,"[""sp_unigram-16384""]",[],0.0
uniq_superbpe_r64-16384,uniq_superbpe_r64,16384,language,,mr,complete,4.681895815542272,21.64816396242528,2342,16384,164.34531380000408,dominated,"[""boundary_bpe-16384"", ""sp_unigram-16384""]",[],0.0
sp_unigram-32768,sp_unigram,32768,language,,mr,complete,6.280068728522337,0.0,1746,32768,23.030076499999268,non_dominated,[],[],0.0
boundary_bpe-32768,boundary_bpe,32768,language,,mr,complete,5.436291522062469,0.0,2017,32768,111.00910029999795,dominated,"[""sp_unigram-32768""]",[],0.0
uniq_superbpe_r64-32768,uniq_superbpe_r64,32768,language,,mr,complete,5.264042246759481,15.698511761881901,2083,32768,177.08818469999824,dominated,"[""boundary_bpe-32768"", ""sp_unigram-16384"", ""sp_unigram-32768""]",[],0.0
sp_unigram-65536,sp_unigram,65536,language,,mr,complete,7.418809201623816,0.0,1478,65536,12.838991500000702,non_dominated,[],[],0.0
boundary_bpe-65536,boundary_bpe,65536,language,,mr,complete,5.76801683324566,0.0,1901,65536,110.46809020001092,dominated,"[""sp_unigram-32768"", ""sp_unigram-65536""]",[],0.0
uniq_superbpe_r64-65536,uniq_superbpe_r64,65536,language,,mr,complete,5.789334741288279,11.721224920802534,1894,65536,164.48556890001055,dominated,"[""sp_unigram-32768"", ""sp_unigram-65536""]",[],0.0
boundary_bpe-131072,boundary_bpe,131072,language,,mr,complete,5.975476839237057,0.0,1835,131072,146.1055148000014,dominated,"[""sp_unigram-32768"", ""sp_unigram-65536""]",[],0.0
uniq_superbpe_r64-131072,uniq_superbpe_r64,131072,language,,mr,complete,5.952768729641694,9.77198697068404,1842,131072,204.2958939000091,dominated,"[""boundary_bpe-131072"", ""sp_unigram-32768"", ""sp_unigram-65536""]",[],0.0
sp_unigram-131072,sp_unigram,131072,language,,mr,budget_not_reached,,,,,,not_classified_missing_condition,[],[],0.0
sp_unigram-8192,sp_unigram,8192,language,,mr,complete,4.186712485681558,0.0,2619,8192,37.834285799995996,non_dominated,[],[],0.01
boundary_bpe-8192,boundary_bpe,8192,language,,mr,complete,4.0076754385964914,0.0,2736,8192,53.92111880000448,dominated,"[""sp_unigram-8192""]",[],0.01
uniq_superbpe_r64-8192,uniq_superbpe_r64,8192,language,,mr,complete,3.2421643997634537,37.07865168539326,3382,8192,157.98209089998272,dominated,"[""boundary_bpe-8192"", ""sp_unigram-8192""]",[],0.01
sp_unigram-16384,sp_unigram,16384,language,,mr,complete,5.297101449275362,0.0,2070,16384,35.15026740002213,non_dominated,[],[],0.01
boundary_bpe-16384,boundary_bpe,16384,language,,mr,complete,4.790301441677588,0.0,2289,16384,81.80001249999623,dominated,"[""sp_unigram-16384""]",[],0.01
uniq_superbpe_r64-16384,uniq_superbpe_r64,16384,language,,mr,complete,4.681895815542272,21.64816396242528,2342,16384,164.34531380000408,dominated,"[""boundary_bpe-16384"", ""sp_unigram-16384""]",[],0.01
sp_unigram-32768,sp_unigram,32768,language,,mr,complete,6.280068728522337,0.0,1746,32768,23.030076499999268,non_dominated,[],[],0.01
boundary_bpe-32768,boundary_bpe,32768,language,,mr,complete,5.436291522062469,0.0,2017,32768,111.00910029999795,dominated,"[""sp_unigram-32768""]",[],0.01
uniq_superbpe_r64-32768,uniq_superbpe_r64,32768,language,,mr,complete,5.264042246759481,15.698511761881901,2083,32768,177.08818469999824,dominated,"[""boundary_bpe-32768"", ""sp_unigram-16384"", ""sp_unigram-32768""]",[],0.01
sp_unigram-65536,sp_unigram,65536,language,,mr,complete,7.418809201623816,0.0,1478,65536,12.838991500000702,non_dominated,[],[],0.01
boundary_bpe-65536,boundary_bpe,65536,language,,mr,complete,5.76801683324566,0.0,1901,65536,110.46809020001092,dominated,"[""sp_unigram-32768"", ""sp_unigram-65536""]",[],0.01
uniq_superbpe_r64-65536,uniq_superbpe_r64,65536,language,,mr,complete,5.789334741288279,11.721224920802534,1894,65536,164.48556890001055,dominated,"[""sp_unigram-32768"", ""sp_unigram-65536""]",[],0.01
boundary_bpe-131072,boundary_bpe,131072,language,,mr,complete,5.975476839237057,0.0,1835,131072,146.1055148000014,dominated,"[""sp_unigram-32768"", ""sp_unigram-65536""]",[],0.01
uniq_superbpe_r64-131072,uniq_superbpe_r64,131072,language,,mr,complete,5.952768729641694,9.77198697068404,1842,131072,204.2958939000091,dominated,"[""boundary_bpe-131072"", ""sp_unigram-32768"", ""sp_unigram-65536""]",[],0.01
sp_unigram-131072,sp_unigram,131072,language,,mr,budget_not_reached,,,,,,not_classified_missing_condition,[],[],0.01
sp_unigram-8192,sp_unigram,8192,language,,mr,complete,4.186712485681558,0.0,2619,8192,37.834285799995996,non_dominated,[],[],0.05
boundary_bpe-8192,boundary_bpe,8192,language,,mr,complete,4.0076754385964914,0.0,2736,8192,53.92111880000448,dominated,"[""sp_unigram-8192""]",[],0.05
uniq_superbpe_r64-8192,uniq_superbpe_r64,8192,language,,mr,complete,3.2421643997634537,37.07865168539326,3382,8192,157.98209089998272,dominated,"[""boundary_bpe-8192"", ""sp_unigram-8192""]",[],0.05
sp_unigram-16384,sp_unigram,16384,language,,mr,complete,5.297101449275362,0.0,2070,16384,35.15026740002213,non_dominated,[],[],0.05
boundary_bpe-16384,boundary_bpe,16384,language,,mr,complete,4.790301441677588,0.0,2289,16384,81.80001249999623,dominated,"[""sp_unigram-16384""]",[],0.05
uniq_superbpe_r64-16384,uniq_superbpe_r64,16384,language,,mr,complete,4.681895815542272,21.64816396242528,2342,16384,164.34531380000408,dominated,"[""boundary_bpe-16384"", ""sp_unigram-16384""]",[],0.05
sp_unigram-32768,sp_unigram,32768,language,,mr,complete,6.280068728522337,0.0,1746,32768,23.030076499999268,non_dominated,[],[],0.05
boundary_bpe-32768,boundary_bpe,32768,language,,mr,complete,5.436291522062469,0.0,2017,32768,111.00910029999795,dominated,"[""sp_unigram-32768""]",[],0.05
uniq_superbpe_r64-32768,uniq_superbpe_r64,32768,language,,mr,complete,5.264042246759481,15.698511761881901,2083,32768,177.08818469999824,dominated,"[""boundary_bpe-32768"", ""sp_unigram-16384"", ""sp_unigram-32768""]",[],0.05
sp_unigram-65536,sp_unigram,65536,language,,mr,complete,7.418809201623816,0.0,1478,65536,12.838991500000702,non_dominated,[],[],0.05
boundary_bpe-65536,boundary_bpe,65536,language,,mr,complete,5.76801683324566,0.0,1901,65536,110.46809020001092,dominated,"[""sp_unigram-32768"", ""sp_unigram-65536""]",[],0.05
uniq_superbpe_r64-65536,uniq_superbpe_r64,65536,language,,mr,complete,5.789334741288279,11.721224920802534,1894,65536,164.48556890001055,dominated,"[""sp_unigram-32768"", ""sp_unigram-65536""]",[],0.05
boundary_bpe-131072,boundary_bpe,131072,language,,mr,complete,5.975476839237057,0.0,1835,131072,146.1055148000014,dominated,"[""sp_unigram-32768"", ""sp_unigram-65536""]",[],0.05
uniq_superbpe_r64-131072,uniq_superbpe_r64,131072,language,,mr,complete,5.952768729641694,9.77198697068404,1842,131072,204.2958939000091,dominated,"[""boundary_bpe-131072"", ""sp_unigram-32768"", ""sp_unigram-65536""]",[],0.05
sp_unigram-131072,sp_unigram,131072,language,,mr,budget_not_reached,,,,,,not_classified_missing_condition,[],[],0.05
sp_unigram-8192,sp_unigram,8192,language,,ru,complete,3.025296442687747,0.0,2530,8192,37.834285799995996,non_dominated,[],[],0.0
boundary_bpe-8192,boundary_bpe,8192,language,,ru,complete,2.771180304127444,0.0,2762,8192,53.92111880000448,dominated,"[""sp_unigram-8192""]",[],0.0
uniq_superbpe_r64-8192,uniq_superbpe_r64,8192,language,,ru,complete,3.3629173989455183,0.0,2276,8192,157.98209089998272,non_dominated,[],[],0.0
sp_unigram-16384,sp_unigram,16384,language,,ru,complete,3.606974552309142,0.0,2122,16384,35.15026740002213,non_dominated,[],[],0.0
boundary_bpe-16384,boundary_bpe,16384,language,,ru,complete,3.1958246346555326,0.0,2395,16384,81.80001249999623,dominated,"[""sp_unigram-16384""]",[],0.0
uniq_superbpe_r64-16384,uniq_superbpe_r64,16384,language,,ru,complete,4.126145552560647,0.0,1855,16384,164.34531380000408,non_dominated,[],[],0.0
sp_unigram-32768,sp_unigram,32768,language,,ru,complete,4.144017325392529,0.0,1847,32768,23.030076499999268,non_dominated,[],[],0.0
boundary_bpe-32768,boundary_bpe,32768,language,,ru,complete,3.533702677746999,0.0,2166,32768,111.00910029999795,dominated,"[""sp_unigram-16384"", ""sp_unigram-32768""]",[],0.0
uniq_superbpe_r64-32768,uniq_superbpe_r64,32768,language,,ru,complete,4.635978195033313,0.0,1651,32768,177.08818469999824,non_dominated,[],[],0.0
sp_unigram-65536,sp_unigram,65536,language,,ru,complete,4.944444444444445,0.0,1548,65536,12.838991500000702,non_dominated,[],[],0.0
boundary_bpe-65536,boundary_bpe,65536,language,,ru,complete,3.7519607843137255,0.0,2040,65536,110.46809020001092,dominated,"[""sp_unigram-32768"", ""sp_unigram-65536""]",[],0.0
uniq_superbpe_r64-65536,uniq_superbpe_r64,65536,language,,ru,complete,5.0488126649076515,0.0,1516,65536,164.48556890001055,non_dominated,[],[],0.0
boundary_bpe-131072,boundary_bpe,131072,language,,ru,complete,3.925128205128205,0.0,1950,131072,146.1055148000014,dominated,"[""sp_unigram-32768"", ""sp_unigram-65536""]",[],0.0
uniq_superbpe_r64-131072,uniq_superbpe_r64,131072,language,,ru,complete,4.672771672771673,0.0,1638,131072,204.2958939000091,dominated,"[""sp_unigram-65536"", ""uniq_superbpe_r64-65536""]",[],0.0
sp_unigram-131072,sp_unigram,131072,language,,ru,budget_not_reached,,,,,,not_classified_missing_condition,[],[],0.0
sp_unigram-8192,sp_unigram,8192,language,,ru,complete,3.025296442687747,0.0,2530,8192,37.834285799995996,non_dominated,[],[],0.01
boundary_bpe-8192,boundary_bpe,8192,language,,ru,complete,2.771180304127444,0.0,2762,8192,53.92111880000448,dominated,"[""sp_unigram-8192""]",[],0.01
uniq_superbpe_r64-8192,uniq_superbpe_r64,8192,language,,ru,complete,3.3629173989455183,0.0,2276,8192,157.98209089998272,non_dominated,[],[],0.01
sp_unigram-16384,sp_unigram,16384,language,,ru,complete,3.606974552309142,0.0,2122,16384,35.15026740002213,non_dominated,[],[],0.01
boundary_bpe-16384,boundary_bpe,16384,language,,ru,complete,3.1958246346555326,0.0,2395,16384,81.80001249999623,dominated,"[""sp_unigram-16384""]",[],0.01
uniq_superbpe_r64-16384,uniq_superbpe_r64,16384,language,,ru,complete,4.126145552560647,0.0,1855,16384,164.34531380000408,non_dominated,[],[],0.01
sp_unigram-32768,sp_unigram,32768,language,,ru,complete,4.144017325392529,0.0,1847,32768,23.030076499999268,non_dominated,[],[],0.01
boundary_bpe-32768,boundary_bpe,32768,language,,ru,complete,3.533702677746999,0.0,2166,32768,111.00910029999795,dominated,"[""sp_unigram-16384"", ""sp_unigram-32768""]",[],0.01
uniq_superbpe_r64-32768,uniq_superbpe_r64,32768,language,,ru,complete,4.635978195033313,0.0,1651,32768,177.08818469999824,non_dominated,[],[],0.01
sp_unigram-65536,sp_unigram,65536,language,,ru,complete,4.944444444444445,0.0,1548,65536,12.838991500000702,non_dominated,[],[],0.01
boundary_bpe-65536,boundary_bpe,65536,language,,ru,complete,3.7519607843137255,0.0,2040,65536,110.46809020001092,dominated,"[""sp_unigram-32768"", ""sp_unigram-65536""]",[],0.01
uniq_superbpe_r64-65536,uniq_superbpe_r64,65536,language,,ru,complete,5.0488126649076515,0.0,1516,65536,164.48556890001055,non_dominated,[],[],0.01
boundary_bpe-131072,boundary_bpe,131072,language,,ru,complete,3.925128205128205,0.0,1950,131072,146.1055148000014,dominated,"[""sp_unigram-32768"", ""sp_unigram-65536""]",[],0.01
uniq_superbpe_r64-131072,uniq_superbpe_r64,131072,language,,ru,complete,4.672771672771673,0.0,1638,131072,204.2958939000091,dominated,"[""sp_unigram-65536"", ""uniq_superbpe_r64-65536""]",[],0.01
sp_unigram-131072,sp_unigram,131072,language,,ru,budget_not_reached,,,,,,not_classified_missing_condition,[],[],0.01
sp_unigram-8192,sp_unigram,8192,language,,ru,complete,3.025296442687747,0.0,2530,8192,37.834285799995996,non_dominated,[],[],0.05
boundary_bpe-8192,boundary_bpe,8192,language,,ru,complete,2.771180304127444,0.0,2762,8192,53.92111880000448,dominated,"[""sp_unigram-8192""]",[],0.05
uniq_superbpe_r64-8192,uniq_superbpe_r64,8192,language,,ru,complete,3.3629173989455183,0.0,2276,8192,157.98209089998272,non_dominated,[],[],0.05
sp_unigram-16384,sp_unigram,16384,language,,ru,complete,3.606974552309142,0.0,2122,16384,35.15026740002213,non_dominated,[],[],0.05
boundary_bpe-16384,boundary_bpe,16384,language,,ru,complete,3.1958246346555326,0.0,2395,16384,81.80001249999623,dominated,"[""sp_unigram-16384""]",[],0.05
uniq_superbpe_r64-16384,uniq_superbpe_r64,16384,language,,ru,complete,4.126145552560647,0.0,1855,16384,164.34531380000408,non_dominated,[],[],0.05
sp_unigram-32768,sp_unigram,32768,language,,ru,complete,4.144017325392529,0.0,1847,32768,23.030076499999268,non_dominated,[],[],0.05
boundary_bpe-32768,boundary_bpe,32768,language,,ru,complete,3.533702677746999,0.0,2166,32768,111.00910029999795,dominated,"[""sp_unigram-16384"", ""sp_unigram-32768""]",[],0.05
uniq_superbpe_r64-32768,uniq_superbpe_r64,32768,language,,ru,complete,4.635978195033313,0.0,1651,32768,177.08818469999824,non_dominated,[],[],0.05
sp_unigram-65536,sp_unigram,65536,language,,ru,complete,4.944444444444445,0.0,1548,65536,12.838991500000702,non_dominated,[],[],0.05
boundary_bpe-65536,boundary_bpe,65536,language,,ru,complete,3.7519607843137255,0.0,2040,65536,110.46809020001092,dominated,"[""sp_unigram-32768"", ""sp_unigram-65536""]",[],0.05
uniq_superbpe_r64-65536,uniq_superbpe_r64,65536,language,,ru,complete,5.0488126649076515,0.0,1516,65536,164.48556890001055,non_dominated,[],[],0.05
boundary_bpe-131072,boundary_bpe,131072,language,,ru,complete,3.925128205128205,0.0,1950,131072,146.1055148000014,dominated,"[""sp_unigram-32768"", ""sp_unigram-65536""]",[],0.05
uniq_superbpe_r64-131072,uniq_superbpe_r64,131072,language,,ru,complete,4.672771672771673,0.0,1638,131072,204.2958939000091,dominated,"[""sp_unigram-65536"", ""uniq_superbpe_r64-65536""]",[],0.05
sp_unigram-131072,sp_unigram,131072,language,,ru,budget_not_reached,,,,,,not_classified_missing_condition,[],[],0.05
sp_unigram-8192,sp_unigram,8192,language,,sw,complete,1.9569080408707242,0.0,2251,8192,37.834285799995996,non_dominated,[],[],0.0
boundary_bpe-8192,boundary_bpe,8192,language,,sw,complete,1.6870930677901188,0.0,2611,8192,53.92111880000448,dominated,"[""sp_unigram-8192""]",[],0.0
uniq_superbpe_r64-8192,uniq_superbpe_r64,8192,language,,sw,complete,2.163555992141454,0.0,2036,8192,157.98209089998272,non_dominated,[],[],0.0
sp_unigram-16384,sp_unigram,16384,language,,sw,complete,2.405789186237029,0.0,1831,16384,35.15026740002213,non_dominated,[],[],0.0
boundary_bpe-16384,boundary_bpe,16384,language,,sw,complete,1.906926406926407,0.0,2310,16384,81.80001249999623,dominated,"[""sp_unigram-16384"", ""sp_unigram-8192""]",[],0.0
uniq_superbpe_r64-16384,uniq_superbpe_r64,16384,language,,sw,complete,2.3953235454051116,0.0,1839,16384,164.34531380000408,dominated,"[""sp_unigram-16384""]",[],0.0
sp_unigram-32768,sp_unigram,32768,language,,sw,complete,2.7844500632111253,0.0,1582,32768,23.030076499999268,non_dominated,[],[],0.0
boundary_bpe-32768,boundary_bpe,32768,language,,sw,complete,2.1167707832772704,0.0,2081,32768,111.00910029999795,dominated,"[""sp_unigram-16384"", ""sp_unigram-32768""]",[],0.0
uniq_superbpe_r64-32768,uniq_superbpe_r64,32768,language,,sw,complete,2.6974892835272506,0.0,1633,32768,177.08818469999824,dominated,"[""sp_unigram-32768""]",[],0.0
sp_unigram-65536,sp_unigram,65536,language,,sw,complete,3.236590742101396,0.0,1361,65536,12.838991500000702,non_dominated,[],[],0.0
boundary_bpe-65536,boundary_bpe,65536,language,,sw,complete,2.2883116883116883,0.0,1925,65536,110.46809020001092,dominated,"[""sp_unigram-16384"", ""sp_unigram-32768"", ""sp_unigram-65536""]",[],0.0
uniq_superbpe_r64-65536,uniq_superbpe_r64,65536,language,,sw,complete,3.0912280701754384,0.0,1425,65536,164.48556890001055,dominated,"[""sp_unigram-65536""]",[],0.0
boundary_bpe-131072,boundary_bpe,131072,language,,sw,complete,2.3172014729089954,0.0,1901,131072,146.1055148000014,dominated,"[""sp_unigram-16384"", ""sp_unigram-32768"", ""sp_unigram-65536""]",[],0.0
uniq_superbpe_r64-131072,uniq_superbpe_r64,131072,language,,sw,complete,3.4333593141075602,0.0,1283,131072,204.2958939000091,non_dominated,[],[],0.0
sp_unigram-131072,sp_unigram,131072,language,,sw,budget_not_reached,,,,,,not_classified_missing_condition,[],[],0.0
sp_unigram-8192,sp_unigram,8192,language,,sw,complete,1.9569080408707242,0.0,2251,8192,37.834285799995996,non_dominated,[],[],0.01
boundary_bpe-8192,boundary_bpe,8192,language,,sw,complete,1.6870930677901188,0.0,2611,8192,53.92111880000448,dominated,"[""sp_unigram-8192""]",[],0.01
uniq_superbpe_r64-8192,uniq_superbpe_r64,8192,language,,sw,complete,2.163555992141454,0.0,2036,8192,157.98209089998272,non_dominated,[],[],0.01
sp_unigram-16384,sp_unigram,16384,language,,sw,complete,2.405789186237029,0.0,1831,16384,35.15026740002213,non_dominated,[],[],0.01
boundary_bpe-16384,boundary_bpe,16384,language,,sw,complete,1.906926406926407,0.0,2310,16384,81.80001249999623,dominated,"[""sp_unigram-16384"", ""sp_unigram-8192""]",[],0.01
uniq_superbpe_r64-16384,uniq_superbpe_r64,16384,language,,sw,complete,2.3953235454051116,0.0,1839,16384,164.34531380000408,dominated,"[""sp_unigram-16384""]",[],0.01
sp_unigram-32768,sp_unigram,32768,language,,sw,complete,2.7844500632111253,0.0,1582,32768,23.030076499999268,non_dominated,[],[],0.01
boundary_bpe-32768,boundary_bpe,32768,language,,sw,complete,2.1167707832772704,0.0,2081,32768,111.00910029999795,dominated,"[""sp_unigram-16384"", ""sp_unigram-32768""]",[],0.01
uniq_superbpe_r64-32768,uniq_superbpe_r64,32768,language,,sw,complete,2.6974892835272506,0.0,1633,32768,177.08818469999824,dominated,"[""sp_unigram-32768""]",[],0.01
sp_unigram-65536,sp_unigram,65536,language,,sw,complete,3.236590742101396,0.0,1361,65536,12.838991500000702,non_dominated,[],[],0.01
boundary_bpe-65536,boundary_bpe,65536,language,,sw,complete,2.2883116883116883,0.0,1925,65536,110.46809020001092,dominated,"[""sp_unigram-16384"", ""sp_unigram-32768"", ""sp_unigram-65536""]",[],0.01
uniq_superbpe_r64-65536,uniq_superbpe_r64,65536,language,,sw,complete,3.0912280701754384,0.0,1425,65536,164.48556890001055,dominated,"[""sp_unigram-65536""]",[],0.01
boundary_bpe-131072,boundary_bpe,131072,language,,sw,complete,2.3172014729089954,0.0,1901,131072,146.1055148000014,dominated,"[""sp_unigram-16384"", ""sp_unigram-32768"", ""sp_unigram-65536""]",[],0.01
uniq_superbpe_r64-131072,uniq_superbpe_r64,131072,language,,sw,complete,3.4333593141075602,0.0,1283,131072,204.2958939000091,non_dominated,[],[],0.01
sp_unigram-131072,sp_unigram,131072,language,,sw,budget_not_reached,,,,,,not_classified_missing_condition,[],[],0.01
sp_unigram-8192,sp_unigram,8192,language,,sw,complete,1.9569080408707242,0.0,2251,8192,37.834285799995996,non_dominated,[],[],0.05
boundary_bpe-8192,boundary_bpe,8192,language,,sw,complete,1.6870930677901188,0.0,2611,8192,53.92111880000448,dominated,"[""sp_unigram-8192""]",[],0.05
uniq_superbpe_r64-8192,uniq_superbpe_r64,8192,language,,sw,complete,2.163555992141454,0.0,2036,8192,157.98209089998272,non_dominated,[],[],0.05
sp_unigram-16384,sp_unigram,16384,language,,sw,complete,2.405789186237029,0.0,1831,16384,35.15026740002213,non_dominated,[],[],0.05
boundary_bpe-16384,boundary_bpe,16384,language,,sw,complete,1.906926406926407,0.0,2310,16384,81.80001249999623,dominated,"[""sp_unigram-16384"", ""sp_unigram-8192""]",[],0.05
uniq_superbpe_r64-16384,uniq_superbpe_r64,16384,language,,sw,complete,2.3953235454051116,0.0,1839,16384,164.34531380000408,dominated,"[""sp_unigram-16384""]",[],0.05
sp_unigram-32768,sp_unigram,32768,language,,sw,complete,2.7844500632111253,0.0,1582,32768,23.030076499999268,non_dominated,[],[],0.05
boundary_bpe-32768,boundary_bpe,32768,language,,sw,complete,2.1167707832772704,0.0,2081,32768,111.00910029999795,dominated,"[""sp_unigram-16384"", ""sp_unigram-32768""]",[],0.05
uniq_superbpe_r64-32768,uniq_superbpe_r64,32768,language,,sw,complete,2.6974892835272506,0.0,1633,32768,177.08818469999824,dominated,"[""sp_unigram-32768""]",[],0.05
sp_unigram-65536,sp_unigram,65536,language,,sw,complete,3.236590742101396,0.0,1361,65536,12.838991500000702,non_dominated,[],[],0.05
boundary_bpe-65536,boundary_bpe,65536,language,,sw,complete,2.2883116883116883,0.0,1925,65536,110.46809020001092,dominated,"[""sp_unigram-16384"", ""sp_unigram-32768"", ""sp_unigram-65536""]",[],0.05
uniq_superbpe_r64-65536,uniq_superbpe_r64,65536,language,,sw,complete,3.0912280701754384,0.0,1425,65536,164.48556890001055,dominated,"[""sp_unigram-65536""]",[],0.05
boundary_bpe-131072,boundary_bpe,131072,language,,sw,complete,2.3172014729089954,0.0,1901,131072,146.1055148000014,dominated,"[""sp_unigram-16384"", ""sp_unigram-32768"", ""sp_unigram-65536""]",[],0.05
uniq_superbpe_r64-131072,uniq_superbpe_r64,131072,language,,sw,complete,3.4333593141075602,0.0,1283,131072,204.2958939000091,non_dominated,[],[],0.05
sp_unigram-131072,sp_unigram,131072,language,,sw,budget_not_reached,,,,,,not_classified_missing_condition,[],[],0.05
sp_unigram-8192,sp_unigram,8192,language,,ta,complete,4.61331819901627,0.0,2643,8192,37.834285799995996,non_dominated,[],[],0.0
boundary_bpe-8192,boundary_bpe,8192,language,,ta,complete,4.323758865248227,0.0,2820,8192,53.92111880000448,dominated,"[""sp_unigram-8192""]",[],0.0
uniq_superbpe_r64-8192,uniq_superbpe_r64,8192,language,,ta,complete,3.997704918032787,17.114754098360656,3050,8192,157.98209089998272,dominated,"[""boundary_bpe-8192"", ""sp_unigram-8192""]",[],0.0
sp_unigram-16384,sp_unigram,16384,language,,ta,complete,5.502256317689531,0.0,2216,16384,35.15026740002213,non_dominated,[],[],0.0
boundary_bpe-16384,boundary_bpe,16384,language,,ta,complete,5.26695464362851,0.0,2315,16384,81.80001249999623,dominated,"[""sp_unigram-16384""]",[],0.0
uniq_superbpe_r64-16384,uniq_superbpe_r64,16384,language,,ta,complete,5.074074074074074,5.742821473158552,2403,16384,164.34531380000408,dominated,"[""boundary_bpe-16384"", ""sp_unigram-16384""]",[],0.0
sp_unigram-32768,sp_unigram,32768,language,,ta,complete,6.36710182767624,0.0,1915,32768,23.030076499999268,non_dominated,[],[],0.0
boundary_bpe-32768,boundary_bpe,32768,language,,ta,complete,5.828393881453155,0.0,2092,32768,111.00910029999795,dominated,"[""sp_unigram-32768""]",[],0.0
uniq_superbpe_r64-32768,uniq_superbpe_r64,32768,language,,ta,complete,5.729793233082707,2.6785714285714284,2128,32768,177.08818469999824,dominated,"[""boundary_bpe-32768"", ""sp_unigram-32768""]",[],0.0
sp_unigram-65536,sp_unigram,65536,language,,ta,complete,7.851255634256278,0.0,1553,65536,12.838991500000702,non_dominated,[],[],0.0
boundary_bpe-65536,boundary_bpe,65536,language,,ta,complete,6.275347400926402,0.0,1943,65536,110.46809020001092,dominated,"[""sp_unigram-32768"", ""sp_unigram-65536""]",[],0.0
uniq_superbpe_r64-65536,uniq_superbpe_r64,65536,language,,ta,complete,5.965264187866928,1.761252446183953,2044,65536,164.48556890001055,dominated,"[""boundary_bpe-65536"", ""sp_unigram-32768"", ""sp_unigram-65536""]",[],0.0
boundary_bpe-131072,boundary_bpe,131072,language,,ta,complete,6.56243272335845,0.0,1858,131072,146.1055148000014,dominated,"[""sp_unigram-65536""]",[],0.0
uniq_superbpe_r64-131072,uniq_superbpe_r64,131072,language,,ta,complete,6.042120911793855,0.8919722497522299,2018,131072,204.2958939000091,dominated,"[""boundary_bpe-131072"", ""boundary_bpe-65536"", ""sp_unigram-32768"", ""sp_unigram-65536""]",[],0.0
sp_unigram-131072,sp_unigram,131072,language,,ta,budget_not_reached,,,,,,not_classified_missing_condition,[],[],0.0
sp_unigram-8192,sp_unigram,8192,language,,ta,complete,4.61331819901627,0.0,2643,8192,37.834285799995996,non_dominated,[],[],0.01
boundary_bpe-8192,boundary_bpe,8192,language,,ta,complete,4.323758865248227,0.0,2820,8192,53.92111880000448,dominated,"[""sp_unigram-8192""]",[],0.01
uniq_superbpe_r64-8192,uniq_superbpe_r64,8192,language,,ta,complete,3.997704918032787,17.114754098360656,3050,8192,157.98209089998272,dominated,"[""boundary_bpe-8192"", ""sp_unigram-8192""]",[],0.01
sp_unigram-16384,sp_unigram,16384,language,,ta,complete,5.502256317689531,0.0,2216,16384,35.15026740002213,non_dominated,[],[],0.01
boundary_bpe-16384,boundary_bpe,16384,language,,ta,complete,5.26695464362851,0.0,2315,16384,81.80001249999623,dominated,"[""sp_unigram-16384""]",[],0.01
uniq_superbpe_r64-16384,uniq_superbpe_r64,16384,language,,ta,complete,5.074074074074074,5.742821473158552,2403,16384,164.34531380000408,dominated,"[""boundary_bpe-16384"", ""sp_unigram-16384""]",[],0.01
sp_unigram-32768,sp_unigram,32768,language,,ta,complete,6.36710182767624,0.0,1915,32768,23.030076499999268,non_dominated,[],[],0.01
boundary_bpe-32768,boundary_bpe,32768,language,,ta,complete,5.828393881453155,0.0,2092,32768,111.00910029999795,dominated,"[""sp_unigram-32768""]",[],0.01
uniq_superbpe_r64-32768,uniq_superbpe_r64,32768,language,,ta,complete,5.729793233082707,2.6785714285714284,2128,32768,177.08818469999824,dominated,"[""boundary_bpe-32768"", ""sp_unigram-32768""]",[],0.01
sp_unigram-65536,sp_unigram,65536,language,,ta,complete,7.851255634256278,0.0,1553,65536,12.838991500000702,non_dominated,[],[],0.01
boundary_bpe-65536,boundary_bpe,65536,language,,ta,complete,6.275347400926402,0.0,1943,65536,110.46809020001092,dominated,"[""sp_unigram-32768"", ""sp_unigram-65536""]",[],0.01
uniq_superbpe_r64-65536,uniq_superbpe_r64,65536,language,,ta,complete,5.965264187866928,1.761252446183953,2044,65536,164.48556890001055,dominated,"[""boundary_bpe-65536"", ""sp_unigram-32768"", ""sp_unigram-65536""]",[],0.01
boundary_bpe-131072,boundary_bpe,131072,language,,ta,complete,6.56243272335845,0.0,1858,131072,146.1055148000014,dominated,"[""sp_unigram-65536""]",[],0.01
uniq_superbpe_r64-131072,uniq_superbpe_r64,131072,language,,ta,complete,6.042120911793855,0.8919722497522299,2018,131072,204.2958939000091,dominated,"[""boundary_bpe-131072"", ""boundary_bpe-65536"", ""sp_unigram-32768"", ""sp_unigram-65536""]",[],0.01
sp_unigram-131072,sp_unigram,131072,language,,ta,budget_not_reached,,,,,,not_classified_missing_condition,[],[],0.01
sp_unigram-8192,sp_unigram,8192,language,,ta,complete,4.61331819901627,0.0,2643,8192,37.834285799995996,non_dominated,[],[],0.05
boundary_bpe-8192,boundary_bpe,8192,language,,ta,complete,4.323758865248227,0.0,2820,8192,53.92111880000448,dominated,"[""sp_unigram-8192""]",[],0.05
uniq_superbpe_r64-8192,uniq_superbpe_r64,8192,language,,ta,complete,3.997704918032787,17.114754098360656,3050,8192,157.98209089998272,dominated,"[""boundary_bpe-8192"", ""sp_unigram-8192""]",[],0.05
sp_unigram-16384,sp_unigram,16384,language,,ta,complete,5.502256317689531,0.0,2216,16384,35.15026740002213,non_dominated,[],[],0.05
boundary_bpe-16384,boundary_bpe,16384,language,,ta,complete,5.26695464362851,0.0,2315,16384,81.80001249999623,dominated,"[""sp_unigram-16384""]",[],0.05
uniq_superbpe_r64-16384,uniq_superbpe_r64,16384,language,,ta,complete,5.074074074074074,5.742821473158552,2403,16384,164.34531380000408,dominated,"[""boundary_bpe-16384"", ""sp_unigram-16384""]",[],0.05
sp_unigram-32768,sp_unigram,32768,language,,ta,complete,6.36710182767624,0.0,1915,32768,23.030076499999268,non_dominated,[],[],0.05
boundary_bpe-32768,boundary_bpe,32768,language,,ta,complete,5.828393881453155,0.0,2092,32768,111.00910029999795,dominated,"[""sp_unigram-32768""]",[],0.05
uniq_superbpe_r64-32768,uniq_superbpe_r64,32768,language,,ta,complete,5.729793233082707,2.6785714285714284,2128,32768,177.08818469999824,dominated,"[""boundary_bpe-32768"", ""sp_unigram-32768""]",[],0.05
sp_unigram-65536,sp_unigram,65536,language,,ta,complete,7.851255634256278,0.0,1553,65536,12.838991500000702,non_dominated,[],[],0.05
boundary_bpe-65536,boundary_bpe,65536,language,,ta,complete,6.275347400926402,0.0,1943,65536,110.46809020001092,dominated,"[""sp_unigram-32768"", ""sp_unigram-65536""]",[],0.05
uniq_superbpe_r64-65536,uniq_superbpe_r64,65536,language,,ta,complete,5.965264187866928,1.761252446183953,2044,65536,164.48556890001055,dominated,"[""boundary_bpe-65536"", ""sp_unigram-32768"", ""sp_unigram-65536""]",[],0.05
boundary_bpe-131072,boundary_bpe,131072,language,,ta,complete,6.56243272335845,0.0,1858,131072,146.1055148000014,dominated,"[""sp_unigram-65536""]",[],0.05
uniq_superbpe_r64-131072,uniq_superbpe_r64,131072,language,,ta,complete,6.042120911793855,0.8919722497522299,2018,131072,204.2958939000091,dominated,"[""boundary_bpe-131072"", ""boundary_bpe-65536"", ""sp_unigram-32768"", ""sp_unigram-65536""]",[],0.05
sp_unigram-131072,sp_unigram,131072,language,,ta,budget_not_reached,,,,,,not_classified_missing_condition,[],[],0.05
sp_unigram-8192,sp_unigram,8192,language,,te,complete,4.040760869565218,0.0,2576,8192,37.834285799995996,non_dominated,[],[],0.0
boundary_bpe-8192,boundary_bpe,8192,language,,te,complete,3.9072822822822824,0.0,2664,8192,53.92111880000448,dominated,"[""sp_unigram-8192""]",[],0.0
uniq_superbpe_r64-8192,uniq_superbpe_r64,8192,language,,te,complete,3.3609945108169197,29.544720697449144,3097,8192,157.98209089998272,dominated,"[""boundary_bpe-8192"", ""sp_unigram-8192""]",[],0.0
sp_unigram-16384,sp_unigram,16384,language,,te,complete,4.966125954198473,0.0,2096,16384,35.15026740002213,non_dominated,[],[],0.0
boundary_bpe-16384,boundary_bpe,16384,language,,te,complete,4.6887387387387385,0.0,2220,16384,81.80001249999623,dominated,"[""sp_unigram-16384""]",[],0.0
uniq_superbpe_r64-16384,uniq_superbpe_r64,16384,language,,te,complete,4.671903052064632,14.272890484739676,2228,16384,164.34531380000408,dominated,"[""boundary_bpe-16384"", ""sp_unigram-16384""]",[],0.0
sp_unigram-32768,sp_unigram,32768,language,,te,complete,5.611320754716981,0.0,1855,32768,23.030076499999268,non_dominated,[],[],0.0
boundary_bpe-32768,boundary_bpe,32768,language,,te,complete,5.173459244532803,0.0,2012,32768,111.00910029999795,dominated,"[""sp_unigram-32768""]",[],0.0
uniq_superbpe_r64-32768,uniq_superbpe_r64,32768,language,,te,complete,5.404465212876428,8.09968847352025,1926,32768,177.08818469999824,dominated,"[""sp_unigram-32768""]",[],0.0
sp_unigram-65536,sp_unigram,65536,language,,te,complete,6.848026315789474,0.0,1520,65536,12.838991500000702,non_dominated,[],[],0.0
boundary_bpe-65536,boundary_bpe,65536,language,,te,complete,5.554429028815369,0.0,1874,65536,110.46809020001092,dominated,"[""sp_unigram-32768"", ""sp_unigram-65536""]",[],0.0
uniq_superbpe_r64-65536,uniq_superbpe_r64,65536,language,,te,complete,6.076474022183304,5.078809106830122,1713,65536,164.48556890001055,dominated,"[""sp_unigram-65536""]",[],0.0
boundary_bpe-131072,boundary_bpe,131072,language,,te,complete,5.811836962590731,0.0,1791,131072,146.1055148000014,dominated,"[""sp_unigram-65536""]",[],0.0
uniq_superbpe_r64-131072,uniq_superbpe_r64,131072,language,,te,complete,6.151891252955083,4.609929078014185,1692,131072,204.2958939000091,dominated,"[""sp_unigram-65536""]",[],0.0
sp_unigram-131072,sp_unigram,131072,language,,te,budget_not_reached,,,,,,not_classified_missing_condition,[],[],0.0
sp_unigram-8192,sp_unigram,8192,language,,te,complete,4.040760869565218,0.0,2576,8192,37.834285799995996,non_dominated,[],[],0.01
boundary_bpe-8192,boundary_bpe,8192,language,,te,complete,3.9072822822822824,0.0,2664,8192,53.92111880000448,dominated,"[""sp_unigram-8192""]",[],0.01
uniq_superbpe_r64-8192,uniq_superbpe_r64,8192,language,,te,complete,3.3609945108169197,29.544720697449144,3097,8192,157.98209089998272,dominated,"[""boundary_bpe-8192"", ""sp_unigram-8192""]",[],0.01
sp_unigram-16384,sp_unigram,16384,language,,te,complete,4.966125954198473,0.0,2096,16384,35.15026740002213,non_dominated,[],[],0.01
boundary_bpe-16384,boundary_bpe,16384,language,,te,complete,4.6887387387387385,0.0,2220,16384,81.80001249999623,dominated,"[""sp_unigram-16384""]",[],0.01
uniq_superbpe_r64-16384,uniq_superbpe_r64,16384,language,,te,complete,4.671903052064632,14.272890484739676,2228,16384,164.34531380000408,dominated,"[""boundary_bpe-16384"", ""sp_unigram-16384""]",[],0.01
sp_unigram-32768,sp_unigram,32768,language,,te,complete,5.611320754716981,0.0,1855,32768,23.030076499999268,non_dominated,[],[],0.01
boundary_bpe-32768,boundary_bpe,32768,language,,te,complete,5.173459244532803,0.0,2012,32768,111.00910029999795,dominated,"[""sp_unigram-32768""]",[],0.01
uniq_superbpe_r64-32768,uniq_superbpe_r64,32768,language,,te,complete,5.404465212876428,8.09968847352025,1926,32768,177.08818469999824,dominated,"[""sp_unigram-32768""]",[],0.01
sp_unigram-65536,sp_unigram,65536,language,,te,complete,6.848026315789474,0.0,1520,65536,12.838991500000702,non_dominated,[],[],0.01
boundary_bpe-65536,boundary_bpe,65536,language,,te,complete,5.554429028815369,0.0,1874,65536,110.46809020001092,dominated,"[""sp_unigram-32768"", ""sp_unigram-65536""]",[],0.01
uniq_superbpe_r64-65536,uniq_superbpe_r64,65536,language,,te,complete,6.076474022183304,5.078809106830122,1713,65536,164.48556890001055,dominated,"[""sp_unigram-65536""]",[],0.01
boundary_bpe-131072,boundary_bpe,131072,language,,te,complete,5.811836962590731,0.0,1791,131072,146.1055148000014,dominated,"[""sp_unigram-65536""]",[],0.01
uniq_superbpe_r64-131072,uniq_superbpe_r64,131072,language,,te,complete,6.151891252955083,4.609929078014185,1692,131072,204.2958939000091,dominated,"[""sp_unigram-65536""]",[],0.01
sp_unigram-131072,sp_unigram,131072,language,,te,budget_not_reached,,,,,,not_classified_missing_condition,[],[],0.01
sp_unigram-8192,sp_unigram,8192,language,,te,complete,4.040760869565218,0.0,2576,8192,37.834285799995996,non_dominated,[],[],0.05
boundary_bpe-8192,boundary_bpe,8192,language,,te,complete,3.9072822822822824,0.0,2664,8192,53.92111880000448,dominated,"[""sp_unigram-8192""]",[],0.05
uniq_superbpe_r64-8192,uniq_superbpe_r64,8192,language,,te,complete,3.3609945108169197,29.544720697449144,3097,8192,157.98209089998272,dominated,"[""boundary_bpe-8192"", ""sp_unigram-8192""]",[],0.05
sp_unigram-16384,sp_unigram,16384,language,,te,complete,4.966125954198473,0.0,2096,16384,35.15026740002213,non_dominated,[],[],0.05
boundary_bpe-16384,boundary_bpe,16384,language,,te,complete,4.6887387387387385,0.0,2220,16384,81.80001249999623,dominated,"[""sp_unigram-16384""]",[],0.05
uniq_superbpe_r64-16384,uniq_superbpe_r64,16384,language,,te,complete,4.671903052064632,14.272890484739676,2228,16384,164.34531380000408,dominated,"[""boundary_bpe-16384"", ""sp_unigram-16384""]",[],0.05
sp_unigram-32768,sp_unigram,32768,language,,te,complete,5.611320754716981,0.0,1855,32768,23.030076499999268,non_dominated,[],[],0.05
boundary_bpe-32768,boundary_bpe,32768,language,,te,complete,5.173459244532803,0.0,2012,32768,111.00910029999795,dominated,"[""sp_unigram-32768""]",[],0.05
uniq_superbpe_r64-32768,uniq_superbpe_r64,32768,language,,te,complete,5.404465212876428,8.09968847352025,1926,32768,177.08818469999824,dominated,"[""sp_unigram-32768""]",[],0.05
sp_unigram-65536,sp_unigram,65536,language,,te,complete,6.848026315789474,0.0,1520,65536,12.838991500000702,non_dominated,[],[],0.05
boundary_bpe-65536,boundary_bpe,65536,language,,te,complete,5.554429028815369,0.0,1874,65536,110.46809020001092,dominated,"[""sp_unigram-32768"", ""sp_unigram-65536""]",[],0.05
uniq_superbpe_r64-65536,uniq_superbpe_r64,65536,language,,te,complete,6.076474022183304,5.078809106830122,1713,65536,164.48556890001055,dominated,"[""sp_unigram-65536""]",[],0.05
boundary_bpe-131072,boundary_bpe,131072,language,,te,complete,5.811836962590731,0.0,1791,131072,146.1055148000014,dominated,"[""sp_unigram-65536""]",[],0.05
uniq_superbpe_r64-131072,uniq_superbpe_r64,131072,language,,te,complete,6.151891252955083,4.609929078014185,1692,131072,204.2958939000091,dominated,"[""sp_unigram-65536""]",[],0.05
sp_unigram-131072,sp_unigram,131072,language,,te,budget_not_reached,,,,,,not_classified_missing_condition,[],[],0.05
sp_unigram-8192,sp_unigram,8192,language,,uk,complete,2.9384372533543806,0.0,2534,8192,37.834285799995996,non_dominated,[],[],0.0
boundary_bpe-8192,boundary_bpe,8192,language,,uk,complete,2.739514348785872,0.0,2718,8192,53.92111880000448,dominated,"[""sp_unigram-8192""]",[],0.0
uniq_superbpe_r64-8192,uniq_superbpe_r64,8192,language,,uk,complete,3.333034914950761,0.0,2234,8192,157.98209089998272,non_dominated,[],[],0.0
sp_unigram-16384,sp_unigram,16384,language,,uk,complete,3.4155963302752292,0.0,2180,16384,35.15026740002213,non_dominated,[],[],0.0
boundary_bpe-16384,boundary_bpe,16384,language,,uk,complete,3.1285714285714286,0.0,2380,16384,81.80001249999623,dominated,"[""sp_unigram-16384""]",[],0.0
uniq_superbpe_r64-16384,uniq_superbpe_r64,16384,language,,uk,complete,3.9606382978723405,0.0,1880,16384,164.34531380000408,non_dominated,[],[],0.0
sp_unigram-32768,sp_unigram,32768,language,,uk,complete,3.9775641025641026,0.0,1872,32768,23.030076499999268,non_dominated,[],[],0.0
boundary_bpe-32768,boundary_bpe,32768,language,,uk,complete,3.4875878220140515,0.0,2135,32768,111.00910029999795,dominated,"[""sp_unigram-32768""]",[],0.0
uniq_superbpe_r64-32768,uniq_superbpe_r64,32768,language,,uk,complete,4.4613541042540446,0.0,1669,32768,177.08818469999824,non_dominated,[],[],0.0
sp_unigram-65536,sp_unigram,65536,language,,uk,complete,4.745697896749522,0.0,1569,65536,12.838991500000702,non_dominated,[],[],0.0
boundary_bpe-65536,boundary_bpe,65536,language,,uk,complete,3.6734089787863837,0.0,2027,65536,110.46809020001092,dominated,"[""sp_unigram-32768"", ""sp_unigram-65536""]",[],0.0
uniq_superbpe_r64-65536,uniq_superbpe_r64,65536,language,,uk,complete,4.914851485148515,0.0,1515,65536,164.48556890001055,non_dominated,[],[],0.0
boundary_bpe-131072,boundary_bpe,131072,language,,uk,complete,3.834191555097837,0.0,1942,131072,146.1055148000014,dominated,"[""sp_unigram-32768"", ""sp_unigram-65536""]",[],0.0
uniq_superbpe_r64-131072,uniq_superbpe_r64,131072,language,,uk,complete,4.71564281190627,0.0,1579,131072,204.2958939000091,dominated,"[""sp_unigram-65536"", ""uniq_superbpe_r64-65536""]",[],0.0
sp_unigram-131072,sp_unigram,131072,language,,uk,budget_not_reached,,,,,,not_classified_missing_condition,[],[],0.0
sp_unigram-8192,sp_unigram,8192,language,,uk,complete,2.9384372533543806,0.0,2534,8192,37.834285799995996,non_dominated,[],[],0.01
boundary_bpe-8192,boundary_bpe,8192,language,,uk,complete,2.739514348785872,0.0,2718,8192,53.92111880000448,dominated,"[""sp_unigram-8192""]",[],0.01
uniq_superbpe_r64-8192,uniq_superbpe_r64,8192,language,,uk,complete,3.333034914950761,0.0,2234,8192,157.98209089998272,non_dominated,[],[],0.01
sp_unigram-16384,sp_unigram,16384,language,,uk,complete,3.4155963302752292,0.0,2180,16384,35.15026740002213,non_dominated,[],[],0.01
boundary_bpe-16384,boundary_bpe,16384,language,,uk,complete,3.1285714285714286,0.0,2380,16384,81.80001249999623,dominated,"[""sp_unigram-16384""]",[],0.01
uniq_superbpe_r64-16384,uniq_superbpe_r64,16384,language,,uk,complete,3.9606382978723405,0.0,1880,16384,164.34531380000408,non_dominated,[],[],0.01
sp_unigram-32768,sp_unigram,32768,language,,uk,complete,3.9775641025641026,0.0,1872,32768,23.030076499999268,non_dominated,[],[],0.01
boundary_bpe-32768,boundary_bpe,32768,language,,uk,complete,3.4875878220140515,0.0,2135,32768,111.00910029999795,dominated,"[""sp_unigram-32768""]",[],0.01
uniq_superbpe_r64-32768,uniq_superbpe_r64,32768,language,,uk,complete,4.4613541042540446,0.0,1669,32768,177.08818469999824,non_dominated,[],[],0.01
sp_unigram-65536,sp_unigram,65536,language,,uk,complete,4.745697896749522,0.0,1569,65536,12.838991500000702,non_dominated,[],[],0.01
boundary_bpe-65536,boundary_bpe,65536,language,,uk,complete,3.6734089787863837,0.0,2027,65536,110.46809020001092,dominated,"[""sp_unigram-32768"", ""sp_unigram-65536""]",[],0.01
uniq_superbpe_r64-65536,uniq_superbpe_r64,65536,language,,uk,complete,4.914851485148515,0.0,1515,65536,164.48556890001055,non_dominated,[],[],0.01
boundary_bpe-131072,boundary_bpe,131072,language,,uk,complete,3.834191555097837,0.0,1942,131072,146.1055148000014,dominated,"[""sp_unigram-32768"", ""sp_unigram-65536""]",[],0.01
uniq_superbpe_r64-131072,uniq_superbpe_r64,131072,language,,uk,complete,4.71564281190627,0.0,1579,131072,204.2958939000091,dominated,"[""sp_unigram-65536"", ""uniq_superbpe_r64-65536""]",[],0.01
sp_unigram-131072,sp_unigram,131072,language,,uk,budget_not_reached,,,,,,not_classified_missing_condition,[],[],0.01
sp_unigram-8192,sp_unigram,8192,language,,uk,complete,2.9384372533543806,0.0,2534,8192,37.834285799995996,non_dominated,[],[],0.05
boundary_bpe-8192,boundary_bpe,8192,language,,uk,complete,2.739514348785872,0.0,2718,8192,53.92111880000448,dominated,"[""sp_unigram-8192""]",[],0.05
uniq_superbpe_r64-8192,uniq_superbpe_r64,8192,language,,uk,complete,3.333034914950761,0.0,2234,8192,157.98209089998272,non_dominated,[],[],0.05
sp_unigram-16384,sp_unigram,16384,language,,uk,complete,3.4155963302752292,0.0,2180,16384,35.15026740002213,non_dominated,[],[],0.05
boundary_bpe-16384,boundary_bpe,16384,language,,uk,complete,3.1285714285714286,0.0,2380,16384,81.80001249999623,dominated,"[""sp_unigram-16384""]",[],0.05
uniq_superbpe_r64-16384,uniq_superbpe_r64,16384,language,,uk,complete,3.9606382978723405,0.0,1880,16384,164.34531380000408,non_dominated,[],[],0.05
sp_unigram-32768,sp_unigram,32768,language,,uk,complete,3.9775641025641026,0.0,1872,32768,23.030076499999268,non_dominated,[],[],0.05
boundary_bpe-32768,boundary_bpe,32768,language,,uk,complete,3.4875878220140515,0.0,2135,32768,111.00910029999795,dominated,"[""sp_unigram-32768""]",[],0.05
uniq_superbpe_r64-32768,uniq_superbpe_r64,32768,language,,uk,complete,4.4613541042540446,0.0,1669,32768,177.08818469999824,non_dominated,[],[],0.05
sp_unigram-65536,sp_unigram,65536,language,,uk,complete,4.745697896749522,0.0,1569,65536,12.838991500000702,non_dominated,[],[],0.05
boundary_bpe-65536,boundary_bpe,65536,language,,uk,complete,3.6734089787863837,0.0,2027,65536,110.46809020001092,dominated,"[""sp_unigram-32768"", ""sp_unigram-65536""]",[],0.05
uniq_superbpe_r64-65536,uniq_superbpe_r64,65536,language,,uk,complete,4.914851485148515,0.0,1515,65536,164.48556890001055,non_dominated,[],[],0.05
boundary_bpe-131072,boundary_bpe,131072,language,,uk,complete,3.834191555097837,0.0,1942,131072,146.1055148000014,dominated,"[""sp_unigram-32768"", ""sp_unigram-65536""]",[],0.05
uniq_superbpe_r64-131072,uniq_superbpe_r64,131072,language,,uk,complete,4.71564281190627,0.0,1579,131072,204.2958939000091,dominated,"[""sp_unigram-65536"", ""uniq_superbpe_r64-65536""]",[],0.05
sp_unigram-131072,sp_unigram,131072,language,,uk,budget_not_reached,,,,,,not_classified_missing_condition,[],[],0.05
sp_unigram-8192,sp_unigram,8192,language,,ur,complete,2.9856770833333335,0.0,2304,8192,37.834285799995996,non_dominated,[],[],0.0
boundary_bpe-8192,boundary_bpe,8192,language,,ur,complete,2.5078381334305506,0.0,2743,8192,53.92111880000448,dominated,"[""sp_unigram-8192""]",[],0.0
uniq_superbpe_r64-8192,uniq_superbpe_r64,8192,language,,ur,complete,3.3215837759536457,0.48285852245292127,2071,8192,157.98209089998272,non_dominated,[],[],0.0
sp_unigram-16384,sp_unigram,16384,language,,ur,complete,3.5258841619682215,0.0,1951,16384,35.15026740002213,non_dominated,[],[],0.0
boundary_bpe-16384,boundary_bpe,16384,language,,ur,complete,2.8169533169533167,0.0,2442,16384,81.80001249999623,dominated,"[""sp_unigram-16384"", ""sp_unigram-8192""]",[],0.0
uniq_superbpe_r64-16384,uniq_superbpe_r64,16384,language,,ur,complete,4.174150485436893,0.6067961165048543,1648,16384,164.34531380000408,non_dominated,[],[],0.0
sp_unigram-32768,sp_unigram,32768,language,,ur,complete,4.156495468277946,0.0,1655,32768,23.030076499999268,non_dominated,[],[],0.0
boundary_bpe-32768,boundary_bpe,32768,language,,ur,complete,3.068242640499554,0.0,2242,32768,111.00910029999795,dominated,"[""sp_unigram-16384"", ""sp_unigram-32768""]",[],0.0
uniq_superbpe_r64-32768,uniq_superbpe_r64,32768,language,,ur,complete,4.7181069958847734,0.6858710562414266,1458,32768,177.08818469999824,non_dominated,[],[],0.0
sp_unigram-65536,sp_unigram,65536,language,,ur,complete,4.750690607734807,0.0,1448,65536,12.838991500000702,non_dominated,[],[],0.0
boundary_bpe-65536,boundary_bpe,65536,language,,ur,complete,3.2417530631479736,0.0,2122,65536,110.46809020001092,dominated,"[""sp_unigram-16384"", ""sp_unigram-32768"", ""sp_unigram-65536""]",[],0.0
uniq_superbpe_r64-65536,uniq_superbpe_r64,65536,language,,ur,complete,5.024835646457268,0.7304601899196493,1369,65536,164.48556890001055,non_dominated,[],[],0.0
boundary_bpe-131072,boundary_bpe,131072,language,,ur,complete,3.3539736713798147,0.0,2051,131072,146.1055148000014,dominated,"[""sp_unigram-16384"", ""sp_unigram-32768"", ""sp_unigram-65536""]",[],0.0
uniq_superbpe_r64-131072,uniq_superbpe_r64,131072,language,,ur,complete,4.607501674480911,0.535833891493637,1493,131072,204.2958939000091,dominated,"[""sp_unigram-65536""]",[],0.0
sp_unigram-131072,sp_unigram,131072,language,,ur,budget_not_reached,,,,,,not_classified_missing_condition,[],[],0.0
sp_unigram-8192,sp_unigram,8192,language,,ur,complete,2.9856770833333335,0.0,2304,8192,37.834285799995996,non_dominated,[],[],0.01
boundary_bpe-8192,boundary_bpe,8192,language,,ur,complete,2.5078381334305506,0.0,2743,8192,53.92111880000448,dominated,"[""sp_unigram-8192""]",[],0.01
uniq_superbpe_r64-8192,uniq_superbpe_r64,8192,language,,ur,complete,3.3215837759536457,0.48285852245292127,2071,8192,157.98209089998272,non_dominated,[],[],0.01
sp_unigram-16384,sp_unigram,16384,language,,ur,complete,3.5258841619682215,0.0,1951,16384,35.15026740002213,non_dominated,[],[],0.01
boundary_bpe-16384,boundary_bpe,16384,language,,ur,complete,2.8169533169533167,0.0,2442,16384,81.80001249999623,dominated,"[""sp_unigram-16384"", ""sp_unigram-8192""]",[],0.01
uniq_superbpe_r64-16384,uniq_superbpe_r64,16384,language,,ur,complete,4.174150485436893,0.6067961165048543,1648,16384,164.34531380000408,non_dominated,[],[],0.01
sp_unigram-32768,sp_unigram,32768,language,,ur,complete,4.156495468277946,0.0,1655,32768,23.030076499999268,non_dominated,[],[],0.01
boundary_bpe-32768,boundary_bpe,32768,language,,ur,complete,3.068242640499554,0.0,2242,32768,111.00910029999795,dominated,"[""sp_unigram-16384"", ""sp_unigram-32768""]",[],0.01
uniq_superbpe_r64-32768,uniq_superbpe_r64,32768,language,,ur,complete,4.7181069958847734,0.6858710562414266,1458,32768,177.08818469999824,non_dominated,[],[],0.01
sp_unigram-65536,sp_unigram,65536,language,,ur,complete,4.750690607734807,0.0,1448,65536,12.838991500000702,non_dominated,[],[],0.01
boundary_bpe-65536,boundary_bpe,65536,language,,ur,complete,3.2417530631479736,0.0,2122,65536,110.46809020001092,dominated,"[""sp_unigram-16384"", ""sp_unigram-32768"", ""sp_unigram-65536""]",[],0.01
uniq_superbpe_r64-65536,uniq_superbpe_r64,65536,language,,ur,complete,5.024835646457268,0.7304601899196493,1369,65536,164.48556890001055,non_dominated,[],[],0.01
boundary_bpe-131072,boundary_bpe,131072,language,,ur,complete,3.3539736713798147,0.0,2051,131072,146.1055148000014,dominated,"[""sp_unigram-16384"", ""sp_unigram-32768"", ""sp_unigram-65536""]",[],0.01
uniq_superbpe_r64-131072,uniq_superbpe_r64,131072,language,,ur,complete,4.607501674480911,0.535833891493637,1493,131072,204.2958939000091,dominated,"[""sp_unigram-65536""]",[],0.01
sp_unigram-131072,sp_unigram,131072,language,,ur,budget_not_reached,,,,,,not_classified_missing_condition,[],[],0.01
sp_unigram-8192,sp_unigram,8192,language,,ur,complete,2.9856770833333335,0.0,2304,8192,37.834285799995996,non_dominated,[],[],0.05
boundary_bpe-8192,boundary_bpe,8192,language,,ur,complete,2.5078381334305506,0.0,2743,8192,53.92111880000448,dominated,"[""sp_unigram-8192""]",[],0.05
uniq_superbpe_r64-8192,uniq_superbpe_r64,8192,language,,ur,complete,3.3215837759536457,0.48285852245292127,2071,8192,157.98209089998272,non_dominated,[],[],0.05
sp_unigram-16384,sp_unigram,16384,language,,ur,complete,3.5258841619682215,0.0,1951,16384,35.15026740002213,non_dominated,[],[],0.05
boundary_bpe-16384,boundary_bpe,16384,language,,ur,complete,2.8169533169533167,0.0,2442,16384,81.80001249999623,dominated,"[""sp_unigram-16384"", ""sp_unigram-8192""]",[],0.05
uniq_superbpe_r64-16384,uniq_superbpe_r64,16384,language,,ur,complete,4.174150485436893,0.6067961165048543,1648,16384,164.34531380000408,non_dominated,[],[],0.05
sp_unigram-32768,sp_unigram,32768,language,,ur,complete,4.156495468277946,0.0,1655,32768,23.030076499999268,non_dominated,[],[],0.05
boundary_bpe-32768,boundary_bpe,32768,language,,ur,complete,3.068242640499554,0.0,2242,32768,111.00910029999795,dominated,"[""sp_unigram-16384"", ""sp_unigram-32768""]",[],0.05
uniq_superbpe_r64-32768,uniq_superbpe_r64,32768,language,,ur,complete,4.7181069958847734,0.6858710562414266,1458,32768,177.08818469999824,non_dominated,[],[],0.05
sp_unigram-65536,sp_unigram,65536,language,,ur,complete,4.750690607734807,0.0,1448,65536,12.838991500000702,non_dominated,[],[],0.05
boundary_bpe-65536,boundary_bpe,65536,language,,ur,complete,3.2417530631479736,0.0,2122,65536,110.46809020001092,dominated,"[""sp_unigram-16384"", ""sp_unigram-32768"", ""sp_unigram-65536""]",[],0.05
uniq_superbpe_r64-65536,uniq_superbpe_r64,65536,language,,ur,complete,5.024835646457268,0.7304601899196493,1369,65536,164.48556890001055,non_dominated,[],[],0.05
boundary_bpe-131072,boundary_bpe,131072,language,,ur,complete,3.3539736713798147,0.0,2051,131072,146.1055148000014,dominated,"[""sp_unigram-16384"", ""sp_unigram-32768"", ""sp_unigram-65536""]",[],0.05
uniq_superbpe_r64-131072,uniq_superbpe_r64,131072,language,,ur,complete,4.607501674480911,0.535833891493637,1493,131072,204.2958939000091,dominated,"[""sp_unigram-65536""]",[],0.05
sp_unigram-131072,sp_unigram,131072,language,,ur,budget_not_reached,,,,,,not_classified_missing_condition,[],[],0.05
sp_unigram-8192,sp_unigram,8192,language,,yo,complete,1.7537235885001732,0.27710426047800485,2887,8192,37.834285799995996,non_dominated,[],[],0.0
boundary_bpe-8192,boundary_bpe,8192,language,,yo,complete,1.66,0.26229508196721313,3050,8192,53.92111880000448,non_dominated,[],[],0.0
uniq_superbpe_r64-8192,uniq_superbpe_r64,8192,language,,yo,complete,1.7877824858757063,10.310734463276836,2832,8192,157.98209089998272,non_dominated,[],[],0.0
sp_unigram-16384,sp_unigram,16384,language,,yo,complete,2.0139220365950674,0.31821797931583135,2514,16384,35.15026740002213,non_dominated,[],[],0.0
boundary_bpe-16384,boundary_bpe,16384,language,,yo,complete,1.83841684822077,0.29048656499636893,2754,16384,81.80001249999623,non_dominated,[],[],0.0
uniq_superbpe_r64-16384,uniq_superbpe_r64,16384,language,,yo,complete,2.0818256578947367,0.41118421052631576,2432,16384,164.34531380000408,non_dominated,[],[],0.0
sp_unigram-32768,sp_unigram,32768,language,,yo,complete,2.2552338530066813,0.35634743875278396,2245,32768,23.030076499999268,non_dominated,[],[],0.0
boundary_bpe-32768,boundary_bpe,32768,language,,yo,complete,1.977734375,0.3125,2560,32768,111.00910029999795,non_dominated,[],[],0.0
uniq_superbpe_r64-32768,uniq_superbpe_r64,32768,language,,yo,complete,2.1590618336886993,0.42643923240938164,2345,32768,177.08818469999824,dominated,"[""sp_unigram-32768""]",[],0.0
sp_unigram-65536,sp_unigram,65536,language,,yo,complete,2.600410888546482,0.4108885464817668,1947,65536,12.838991500000702,non_dominated,[],[],0.0
boundary_bpe-65536,boundary_bpe,65536,language,,yo,complete,2.112223612849395,0.3337505214851898,2397,65536,110.46809020001092,non_dominated,[],[],0.0
uniq_superbpe_r64-65536,uniq_superbpe_r64,65536,language,,yo,complete,2.373652133145804,0.46882325363338023,2133,65536,164.48556890001055,dominated,"[""sp_unigram-65536""]",[],0.0
boundary_bpe-131072,boundary_bpe,131072,language,,yo,complete,2.14715860899067,0.33927056827820185,2358,131072,146.1055148000014,non_dominated,[],[],0.0
uniq_superbpe_r64-131072,uniq_superbpe_r64,131072,language,,yo,complete,2.5251870324189527,0.49875311720698257,2005,131072,204.2958939000091,dominated,"[""sp_unigram-65536""]",[],0.0
sp_unigram-131072,sp_unigram,131072,language,,yo,budget_not_reached,,,,,,not_classified_missing_condition,[],[],0.0
sp_unigram-8192,sp_unigram,8192,language,,yo,complete,1.7537235885001732,0.27710426047800485,2887,8192,37.834285799995996,non_dominated,[],[],0.01
boundary_bpe-8192,boundary_bpe,8192,language,,yo,complete,1.66,0.26229508196721313,3050,8192,53.92111880000448,non_dominated,[],[],0.01
uniq_superbpe_r64-8192,uniq_superbpe_r64,8192,language,,yo,complete,1.7877824858757063,10.310734463276836,2832,8192,157.98209089998272,non_dominated,[],[],0.01
sp_unigram-16384,sp_unigram,16384,language,,yo,complete,2.0139220365950674,0.31821797931583135,2514,16384,35.15026740002213,non_dominated,[],[],0.01
boundary_bpe-16384,boundary_bpe,16384,language,,yo,complete,1.83841684822077,0.29048656499636893,2754,16384,81.80001249999623,non_dominated,[],[],0.01
uniq_superbpe_r64-16384,uniq_superbpe_r64,16384,language,,yo,complete,2.0818256578947367,0.41118421052631576,2432,16384,164.34531380000408,non_dominated,[],[],0.01
sp_unigram-32768,sp_unigram,32768,language,,yo,complete,2.2552338530066813,0.35634743875278396,2245,32768,23.030076499999268,non_dominated,[],[],0.01
boundary_bpe-32768,boundary_bpe,32768,language,,yo,complete,1.977734375,0.3125,2560,32768,111.00910029999795,non_dominated,[],[],0.01
uniq_superbpe_r64-32768,uniq_superbpe_r64,32768,language,,yo,complete,2.1590618336886993,0.42643923240938164,2345,32768,177.08818469999824,dominated,"[""sp_unigram-32768""]",[],0.01
sp_unigram-65536,sp_unigram,65536,language,,yo,complete,2.600410888546482,0.4108885464817668,1947,65536,12.838991500000702,non_dominated,[],[],0.01
boundary_bpe-65536,boundary_bpe,65536,language,,yo,complete,2.112223612849395,0.3337505214851898,2397,65536,110.46809020001092,non_dominated,[],[],0.01
uniq_superbpe_r64-65536,uniq_superbpe_r64,65536,language,,yo,complete,2.373652133145804,0.46882325363338023,2133,65536,164.48556890001055,dominated,"[""sp_unigram-65536""]",[],0.01
boundary_bpe-131072,boundary_bpe,131072,language,,yo,complete,2.14715860899067,0.33927056827820185,2358,131072,146.1055148000014,non_dominated,[],[],0.01
uniq_superbpe_r64-131072,uniq_superbpe_r64,131072,language,,yo,complete,2.5251870324189527,0.49875311720698257,2005,131072,204.2958939000091,dominated,"[""sp_unigram-65536""]",[],0.01
sp_unigram-131072,sp_unigram,131072,language,,yo,budget_not_reached,,,,,,not_classified_missing_condition,[],[],0.01
sp_unigram-8192,sp_unigram,8192,language,,yo,complete,1.7537235885001732,0.27710426047800485,2887,8192,37.834285799995996,non_dominated,[],[],0.05
boundary_bpe-8192,boundary_bpe,8192,language,,yo,complete,1.66,0.26229508196721313,3050,8192,53.92111880000448,non_dominated,[],[],0.05
uniq_superbpe_r64-8192,uniq_superbpe_r64,8192,language,,yo,complete,1.7877824858757063,10.310734463276836,2832,8192,157.98209089998272,non_dominated,[],[],0.05
sp_unigram-16384,sp_unigram,16384,language,,yo,complete,2.0139220365950674,0.31821797931583135,2514,16384,35.15026740002213,non_dominated,[],[],0.05
boundary_bpe-16384,boundary_bpe,16384,language,,yo,complete,1.83841684822077,0.29048656499636893,2754,16384,81.80001249999623,non_dominated,[],[],0.05
uniq_superbpe_r64-16384,uniq_superbpe_r64,16384,language,,yo,complete,2.0818256578947367,0.41118421052631576,2432,16384,164.34531380000408,non_dominated,[],[],0.05
sp_unigram-32768,sp_unigram,32768,language,,yo,complete,2.2552338530066813,0.35634743875278396,2245,32768,23.030076499999268,non_dominated,[],[],0.05
boundary_bpe-32768,boundary_bpe,32768,language,,yo,complete,1.977734375,0.3125,2560,32768,111.00910029999795,non_dominated,[],[],0.05
uniq_superbpe_r64-32768,uniq_superbpe_r64,32768,language,,yo,complete,2.1590618336886993,0.42643923240938164,2345,32768,177.08818469999824,dominated,"[""sp_unigram-32768""]",[],0.05
sp_unigram-65536,sp_unigram,65536,language,,yo,complete,2.600410888546482,0.4108885464817668,1947,65536,12.838991500000702,non_dominated,[],[],0.05
boundary_bpe-65536,boundary_bpe,65536,language,,yo,complete,2.112223612849395,0.3337505214851898,2397,65536,110.46809020001092,non_dominated,[],[],0.05
uniq_superbpe_r64-65536,uniq_superbpe_r64,65536,language,,yo,complete,2.373652133145804,0.46882325363338023,2133,65536,164.48556890001055,dominated,"[""sp_unigram-65536""]",[],0.05
boundary_bpe-131072,boundary_bpe,131072,language,,yo,complete,2.14715860899067,0.33927056827820185,2358,131072,146.1055148000014,non_dominated,[],[],0.05
uniq_superbpe_r64-131072,uniq_superbpe_r64,131072,language,,yo,complete,2.5251870324189527,0.49875311720698257,2005,131072,204.2958939000091,dominated,"[""sp_unigram-65536""]",[],0.05
sp_unigram-131072,sp_unigram,131072,language,,yo,budget_not_reached,,,,,,not_classified_missing_condition,[],[],0.05
sp_unigram-8192,sp_unigram,8192,language,,zh,complete,2.6101108033241,5.401662049861496,1444,8192,37.834285799995996,non_dominated,[],[],0.0
boundary_bpe-8192,boundary_bpe,8192,language,,zh,complete,2.586822237474262,5.353466026080988,1457,8192,53.92111880000448,non_dominated,[],[],0.0
uniq_superbpe_r64-8192,uniq_superbpe_r64,8192,language,,zh,complete,2.6191799861014595,5.42043085476025,1439,8192,157.98209089998272,non_dominated,[],[],0.0
sp_unigram-16384,sp_unigram,16384,language,,zh,complete,2.7510948905109487,5.693430656934306,1370,16384,35.15026740002213,non_dominated,[],[],0.0
boundary_bpe-16384,boundary_bpe,16384,language,,zh,complete,2.7212996389891697,5.631768953068592,1385,16384,81.80001249999623,non_dominated,[],[],0.0
uniq_superbpe_r64-16384,uniq_superbpe_r64,16384,language,,zh,complete,2.7212996389891697,5.631768953068592,1385,16384,164.34531380000408,dominated,"[""boundary_bpe-16384""]",[],0.0
sp_unigram-32768,sp_unigram,32768,language,,zh,complete,2.8903374233128836,5.9815950920245395,1304,32768,23.030076499999268,non_dominated,[],[],0.0
boundary_bpe-32768,boundary_bpe,32768,language,,zh,complete,2.840241145440844,5.87792012057272,1327,32768,111.00910029999795,non_dominated,[],[],0.0
uniq_superbpe_r64-32768,uniq_superbpe_r64,32768,language,,zh,complete,2.781549815498155,5.756457564575646,1355,32768,177.08818469999824,non_dominated,[],[],0.0
sp_unigram-65536,sp_unigram,65536,language,,zh,complete,3.071719641401793,6.356968215158925,1227,65536,12.838991500000702,non_dominated,[],[],0.0
boundary_bpe-65536,boundary_bpe,65536,language,,zh,complete,2.996025437201908,6.200317965023848,1258,65536,110.46809020001092,non_dominated,[],[],0.0
uniq_superbpe_r64-65536,uniq_superbpe_r64,65536,language,,zh,complete,2.8903374233128836,5.9815950920245395,1304,65536,164.48556890001055,dominated,"[""sp_unigram-32768""]",[],0.0
boundary_bpe-131072,boundary_bpe,131072,language,,zh,complete,3.09695973705834,6.409202958093673,1217,131072,146.1055148000014,non_dominated,[],[],0.0
uniq_superbpe_r64-131072,uniq_superbpe_r64,131072,language,,zh,complete,2.863981762917933,5.927051671732523,1316,131072,204.2958939000091,non_dominated,[],[],0.0
sp_unigram-131072,sp_unigram,131072,language,,zh,budget_not_reached,,,,,,not_classified_missing_condition,[],[],0.0
sp_unigram-8192,sp_unigram,8192,language,,zh,complete,2.6101108033241,5.401662049861496,1444,8192,37.834285799995996,non_dominated,[],[],0.01
boundary_bpe-8192,boundary_bpe,8192,language,,zh,complete,2.586822237474262,5.353466026080988,1457,8192,53.92111880000448,non_dominated,[],[],0.01
uniq_superbpe_r64-8192,uniq_superbpe_r64,8192,language,,zh,complete,2.6191799861014595,5.42043085476025,1439,8192,157.98209089998272,non_dominated,[],[],0.01
sp_unigram-16384,sp_unigram,16384,language,,zh,complete,2.7510948905109487,5.693430656934306,1370,16384,35.15026740002213,non_dominated,[],[],0.01
boundary_bpe-16384,boundary_bpe,16384,language,,zh,complete,2.7212996389891697,5.631768953068592,1385,16384,81.80001249999623,non_dominated,[],[],0.01
uniq_superbpe_r64-16384,uniq_superbpe_r64,16384,language,,zh,complete,2.7212996389891697,5.631768953068592,1385,16384,164.34531380000408,dominated,"[""boundary_bpe-16384""]",[],0.01
sp_unigram-32768,sp_unigram,32768,language,,zh,complete,2.8903374233128836,5.9815950920245395,1304,32768,23.030076499999268,non_dominated,[],[],0.01
boundary_bpe-32768,boundary_bpe,32768,language,,zh,complete,2.840241145440844,5.87792012057272,1327,32768,111.00910029999795,non_dominated,[],[],0.01
uniq_superbpe_r64-32768,uniq_superbpe_r64,32768,language,,zh,complete,2.781549815498155,5.756457564575646,1355,32768,177.08818469999824,non_dominated,[],[],0.01
sp_unigram-65536,sp_unigram,65536,language,,zh,complete,3.071719641401793,6.356968215158925,1227,65536,12.838991500000702,non_dominated,[],[],0.01
boundary_bpe-65536,boundary_bpe,65536,language,,zh,complete,2.996025437201908,6.200317965023848,1258,65536,110.46809020001092,non_dominated,[],[],0.01
uniq_superbpe_r64-65536,uniq_superbpe_r64,65536,language,,zh,complete,2.8903374233128836,5.9815950920245395,1304,65536,164.48556890001055,dominated,"[""sp_unigram-32768""]",[],0.01
boundary_bpe-131072,boundary_bpe,131072,language,,zh,complete,3.09695973705834,6.409202958093673,1217,131072,146.1055148000014,non_dominated,[],[],0.01
uniq_superbpe_r64-131072,uniq_superbpe_r64,131072,language,,zh,complete,2.863981762917933,5.927051671732523,1316,131072,204.2958939000091,non_dominated,[],[],0.01
sp_unigram-131072,sp_unigram,131072,language,,zh,budget_not_reached,,,,,,not_classified_missing_condition,[],[],0.01
sp_unigram-8192,sp_unigram,8192,language,,zh,complete,2.6101108033241,5.401662049861496,1444,8192,37.834285799995996,non_dominated,[],[],0.05
boundary_bpe-8192,boundary_bpe,8192,language,,zh,complete,2.586822237474262,5.353466026080988,1457,8192,53.92111880000448,non_dominated,[],[],0.05
uniq_superbpe_r64-8192,uniq_superbpe_r64,8192,language,,zh,complete,2.6191799861014595,5.42043085476025,1439,8192,157.98209089998272,non_dominated,[],[],0.05
sp_unigram-16384,sp_unigram,16384,language,,zh,complete,2.7510948905109487,5.693430656934306,1370,16384,35.15026740002213,non_dominated,[],[],0.05
boundary_bpe-16384,boundary_bpe,16384,language,,zh,complete,2.7212996389891697,5.631768953068592,1385,16384,81.80001249999623,non_dominated,[],[],0.05
uniq_superbpe_r64-16384,uniq_superbpe_r64,16384,language,,zh,complete,2.7212996389891697,5.631768953068592,1385,16384,164.34531380000408,dominated,"[""boundary_bpe-16384""]",[],0.05
sp_unigram-32768,sp_unigram,32768,language,,zh,complete,2.8903374233128836,5.9815950920245395,1304,32768,23.030076499999268,non_dominated,[],[],0.05
boundary_bpe-32768,boundary_bpe,32768,language,,zh,complete,2.840241145440844,5.87792012057272,1327,32768,111.00910029999795,non_dominated,[],[],0.05
uniq_superbpe_r64-32768,uniq_superbpe_r64,32768,language,,zh,complete,2.781549815498155,5.756457564575646,1355,32768,177.08818469999824,non_dominated,[],[],0.05
sp_unigram-65536,sp_unigram,65536,language,,zh,complete,3.071719641401793,6.356968215158925,1227,65536,12.838991500000702,non_dominated,[],[],0.05
boundary_bpe-65536,boundary_bpe,65536,language,,zh,complete,2.996025437201908,6.200317965023848,1258,65536,110.46809020001092,non_dominated,[],[],0.05
uniq_superbpe_r64-65536,uniq_superbpe_r64,65536,language,,zh,complete,2.8903374233128836,5.9815950920245395,1304,65536,164.48556890001055,dominated,"[""sp_unigram-32768""]",[],0.05
boundary_bpe-131072,boundary_bpe,131072,language,,zh,complete,3.09695973705834,6.409202958093673,1217,131072,146.1055148000014,non_dominated,[],[],0.05
uniq_superbpe_r64-131072,uniq_superbpe_r64,131072,language,,zh,complete,2.863981762917933,5.927051671732523,1316,131072,204.2958939000091,non_dominated,[],[],0.05
sp_unigram-131072,sp_unigram,131072,language,,zh,budget_not_reached,,,,,,not_classified_missing_condition,[],[],0.05
sp_unigram-8192,sp_unigram,8192,stratum,flores200,am,complete,3.1565853658536587,0.0,2050,8192,37.834285799995996,non_dominated,[],[],0.0
boundary_bpe-8192,boundary_bpe,8192,stratum,flores200,am,complete,2.782029234737747,0.0,2326,8192,53.92111880000448,dominated,"[""sp_unigram-8192""]",[],0.0
uniq_superbpe_r64-8192,uniq_superbpe_r64,8192,stratum,flores200,am,complete,3.193978282329714,0.0,2026,8192,157.98209089998272,non_dominated,[],[],0.0
sp_unigram-16384,sp_unigram,16384,stratum,flores200,am,complete,3.6913861950941245,0.0,1753,16384,35.15026740002213,non_dominated,[],[],0.0
boundary_bpe-16384,boundary_bpe,16384,stratum,flores200,am,complete,3.2002967359050447,0.0,2022,16384,81.80001249999623,dominated,"[""sp_unigram-16384""]",[],0.0
uniq_superbpe_r64-16384,uniq_superbpe_r64,16384,stratum,flores200,am,complete,3.9944444444444445,0.0,1620,16384,164.34531380000408,non_dominated,[],[],0.0
sp_unigram-32768,sp_unigram,32768,stratum,flores200,am,complete,4.185640362225097,0.0,1546,32768,23.030076499999268,non_dominated,[],[],0.0
boundary_bpe-32768,boundary_bpe,32768,stratum,flores200,am,complete,3.475295381310419,0.0,1862,32768,111.00910029999795,dominated,"[""sp_unigram-16384"", ""sp_unigram-32768""]",[],0.0
uniq_superbpe_r64-32768,uniq_superbpe_r64,32768,stratum,flores200,am,complete,4.622142857142857,0.0,1400,32768,177.08818469999824,non_dominated,[],[],0.0
sp_unigram-65536,sp_unigram,65536,stratum,flores200,am,complete,4.887462235649547,0.0,1324,65536,12.838991500000702,non_dominated,[],[],0.0
boundary_bpe-65536,boundary_bpe,65536,stratum,flores200,am,complete,3.755658734764945,0.0,1723,65536,110.46809020001092,dominated,"[""sp_unigram-32768"", ""sp_unigram-65536""]",[],0.0
uniq_superbpe_r64-65536,uniq_superbpe_r64,65536,stratum,flores200,am,complete,4.447422680412371,0.0,1455,65536,164.48556890001055,dominated,"[""sp_unigram-65536""]",[],0.0
boundary_bpe-131072,boundary_bpe,131072,stratum,flores200,am,complete,3.921818181818182,0.0,1650,131072,146.1055148000014,dominated,"[""sp_unigram-32768"", ""sp_unigram-65536""]",[],0.0
uniq_superbpe_r64-131072,uniq_superbpe_r64,131072,stratum,flores200,am,complete,4.262845849802371,0.0,1518,131072,204.2958939000091,dominated,"[""sp_unigram-65536"", ""uniq_superbpe_r64-32768"", ""uniq_superbpe_r64-65536""]",[],0.0
sp_unigram-131072,sp_unigram,131072,stratum,flores200,am,budget_not_reached,,,,,,not_classified_missing_condition,[],[],0.0
sp_unigram-8192,sp_unigram,8192,stratum,flores200,am,complete,3.1565853658536587,0.0,2050,8192,37.834285799995996,non_dominated,[],[],0.01
boundary_bpe-8192,boundary_bpe,8192,stratum,flores200,am,complete,2.782029234737747,0.0,2326,8192,53.92111880000448,dominated,"[""sp_unigram-8192""]",[],0.01
uniq_superbpe_r64-8192,uniq_superbpe_r64,8192,stratum,flores200,am,complete,3.193978282329714,0.0,2026,8192,157.98209089998272,non_dominated,[],[],0.01
sp_unigram-16384,sp_unigram,16384,stratum,flores200,am,complete,3.6913861950941245,0.0,1753,16384,35.15026740002213,non_dominated,[],[],0.01
boundary_bpe-16384,boundary_bpe,16384,stratum,flores200,am,complete,3.2002967359050447,0.0,2022,16384,81.80001249999623,dominated,"[""sp_unigram-16384""]",[],0.01
uniq_superbpe_r64-16384,uniq_superbpe_r64,16384,stratum,flores200,am,complete,3.9944444444444445,0.0,1620,16384,164.34531380000408,non_dominated,[],[],0.01
sp_unigram-32768,sp_unigram,32768,stratum,flores200,am,complete,4.185640362225097,0.0,1546,32768,23.030076499999268,non_dominated,[],[],0.01
boundary_bpe-32768,boundary_bpe,32768,stratum,flores200,am,complete,3.475295381310419,0.0,1862,32768,111.00910029999795,dominated,"[""sp_unigram-16384"", ""sp_unigram-32768""]",[],0.01
uniq_superbpe_r64-32768,uniq_superbpe_r64,32768,stratum,flores200,am,complete,4.622142857142857,0.0,1400,32768,177.08818469999824,non_dominated,[],[],0.01
sp_unigram-65536,sp_unigram,65536,stratum,flores200,am,complete,4.887462235649547,0.0,1324,65536,12.838991500000702,non_dominated,[],[],0.01
boundary_bpe-65536,boundary_bpe,65536,stratum,flores200,am,complete,3.755658734764945,0.0,1723,65536,110.46809020001092,dominated,"[""sp_unigram-32768"", ""sp_unigram-65536""]",[],0.01
uniq_superbpe_r64-65536,uniq_superbpe_r64,65536,stratum,flores200,am,complete,4.447422680412371,0.0,1455,65536,164.48556890001055,dominated,"[""sp_unigram-65536""]",[],0.01
boundary_bpe-131072,boundary_bpe,131072,stratum,flores200,am,complete,3.921818181818182,0.0,1650,131072,146.1055148000014,dominated,"[""sp_unigram-32768"", ""sp_unigram-65536""]",[],0.01
uniq_superbpe_r64-131072,uniq_superbpe_r64,131072,stratum,flores200,am,complete,4.262845849802371,0.0,1518,131072,204.2958939000091,dominated,"[""sp_unigram-65536"", ""uniq_superbpe_r64-32768"", ""uniq_superbpe_r64-65536""]",[],0.01
sp_unigram-131072,sp_unigram,131072,stratum,flores200,am,budget_not_reached,,,,,,not_classified_missing_condition,[],[],0.01
sp_unigram-8192,sp_unigram,8192,stratum,flores200,am,complete,3.1565853658536587,0.0,2050,8192,37.834285799995996,non_dominated,[],[],0.05
boundary_bpe-8192,boundary_bpe,8192,stratum,flores200,am,complete,2.782029234737747,0.0,2326,8192,53.92111880000448,dominated,"[""sp_unigram-8192""]",[],0.05
uniq_superbpe_r64-8192,uniq_superbpe_r64,8192,stratum,flores200,am,complete,3.193978282329714,0.0,2026,8192,157.98209089998272,non_dominated,[],[],0.05
sp_unigram-16384,sp_unigram,16384,stratum,flores200,am,complete,3.6913861950941245,0.0,1753,16384,35.15026740002213,non_dominated,[],[],0.05
boundary_bpe-16384,boundary_bpe,16384,stratum,flores200,am,complete,3.2002967359050447,0.0,2022,16384,81.80001249999623,dominated,"[""sp_unigram-16384""]",[],0.05
uniq_superbpe_r64-16384,uniq_superbpe_r64,16384,stratum,flores200,am,complete,3.9944444444444445,0.0,1620,16384,164.34531380000408,non_dominated,[],[],0.05
sp_unigram-32768,sp_unigram,32768,stratum,flores200,am,complete,4.185640362225097,0.0,1546,32768,23.030076499999268,non_dominated,[],[],0.05
boundary_bpe-32768,boundary_bpe,32768,stratum,flores200,am,complete,3.475295381310419,0.0,1862,32768,111.00910029999795,dominated,"[""sp_unigram-16384"", ""sp_unigram-32768""]",[],0.05
uniq_superbpe_r64-32768,uniq_superbpe_r64,32768,stratum,flores200,am,complete,4.622142857142857,0.0,1400,32768,177.08818469999824,non_dominated,[],[],0.05
sp_unigram-65536,sp_unigram,65536,stratum,flores200,am,complete,4.887462235649547,0.0,1324,65536,12.838991500000702,non_dominated,[],[],0.05
boundary_bpe-65536,boundary_bpe,65536,stratum,flores200,am,complete,3.755658734764945,0.0,1723,65536,110.46809020001092,dominated,"[""sp_unigram-32768"", ""sp_unigram-65536""]",[],0.05
uniq_superbpe_r64-65536,uniq_superbpe_r64,65536,stratum,flores200,am,complete,4.447422680412371,0.0,1455,65536,164.48556890001055,dominated,"[""sp_unigram-65536""]",[],0.05
boundary_bpe-131072,boundary_bpe,131072,stratum,flores200,am,complete,3.921818181818182,0.0,1650,131072,146.1055148000014,dominated,"[""sp_unigram-32768"", ""sp_unigram-65536""]",[],0.05
uniq_superbpe_r64-131072,uniq_superbpe_r64,131072,stratum,flores200,am,complete,4.262845849802371,0.0,1518,131072,204.2958939000091,dominated,"[""sp_unigram-65536"", ""uniq_superbpe_r64-32768"", ""uniq_superbpe_r64-65536""]",[],0.05
sp_unigram-131072,sp_unigram,131072,stratum,flores200,am,budget_not_reached,,,,,,not_classified_missing_condition,[],[],0.05
sp_unigram-8192,sp_unigram,8192,stratum,flores200,ar,complete,2.8492374727668843,0.4357298474945534,2295,8192,37.834285799995996,non_dominated,[],[],0.0
boundary_bpe-8192,boundary_bpe,8192,stratum,flores200,ar,complete,2.5305727554179565,0.38699690402476783,2584,8192,53.92111880000448,non_dominated,[],[],0.0
uniq_superbpe_r64-8192,uniq_superbpe_r64,8192,stratum,flores200,ar,complete,3.1789013125911523,2.333495381623724,2057,8192,157.98209089998272,non_dominated,[],[],0.0
sp_unigram-16384,sp_unigram,16384,stratum,flores200,ar,complete,3.4271488469601676,0.5241090146750524,1908,16384,35.15026740002213,non_dominated,[],[],0.0
boundary_bpe-16384,boundary_bpe,16384,stratum,flores200,ar,complete,2.8844287604764007,0.4411116012351125,2267,16384,81.80001249999623,non_dominated,[],[],0.0
uniq_superbpe_r64-16384,uniq_superbpe_r64,16384,stratum,flores200,ar,complete,3.885323826500297,2.8520499108734403,1683,16384,164.34531380000408,non_dominated,[],[],0.0
sp_unigram-32768,sp_unigram,32768,stratum,flores200,ar,complete,3.934416365824308,0.601684717208183,1662,32768,23.030076499999268,non_dominated,[],[],0.0
boundary_bpe-32768,boundary_bpe,32768,stratum,flores200,ar,complete,3.1727316836487143,0.485201358563804,2061,32768,111.00910029999795,non_dominated,[],[],0.0
uniq_superbpe_r64-32768,uniq_superbpe_r64,32768,stratum,flores200,ar,complete,4.46043656207367,3.2742155525238745,1466,32768,177.08818469999824,non_dominated,[],[],0.0
sp_unigram-65536,sp_unigram,65536,stratum,flores200,ar,complete,4.604929577464789,0.704225352112676,1420,65536,12.838991500000702,non_dominated,[],[],0.0
boundary_bpe-65536,boundary_bpe,65536,stratum,flores200,ar,complete,3.361953727506427,0.5141388174807198,1945,65536,110.46809020001092,non_dominated,[],[],0.0
uniq_superbpe_r64-65536,uniq_superbpe_r64,65536,stratum,flores200,ar,complete,4.75218023255814,2.3255813953488373,1376,65536,164.48556890001055,non_dominated,[],[],0.0
boundary_bpe-131072,boundary_bpe,131072,stratum,flores200,ar,complete,3.5005353319057817,0.5353319057815846,1868,131072,146.1055148000014,non_dominated,[],[],0.0
uniq_superbpe_r64-131072,uniq_superbpe_r64,131072,stratum,flores200,ar,complete,3.9726609963547994,2.67314702308627,1646,131072,204.2958939000091,dominated,"[""sp_unigram-65536"", ""uniq_superbpe_r64-65536""]",[],0.0
sp_unigram-131072,sp_unigram,131072,stratum,flores200,ar,budget_not_reached,,,,,,not_classified_missing_condition,[],[],0.0
sp_unigram-8192,sp_unigram,8192,stratum,flores200,ar,complete,2.8492374727668843,0.4357298474945534,2295,8192,37.834285799995996,non_dominated,[],[],0.01
boundary_bpe-8192,boundary_bpe,8192,stratum,flores200,ar,complete,2.5305727554179565,0.38699690402476783,2584,8192,53.92111880000448,non_dominated,[],[],0.01
uniq_superbpe_r64-8192,uniq_superbpe_r64,8192,stratum,flores200,ar,complete,3.1789013125911523,2.333495381623724,2057,8192,157.98209089998272,non_dominated,[],[],0.01
sp_unigram-16384,sp_unigram,16384,stratum,flores200,ar,complete,3.4271488469601676,0.5241090146750524,1908,16384,35.15026740002213,non_dominated,[],[],0.01
boundary_bpe-16384,boundary_bpe,16384,stratum,flores200,ar,complete,2.8844287604764007,0.4411116012351125,2267,16384,81.80001249999623,non_dominated,[],[],0.01
uniq_superbpe_r64-16384,uniq_superbpe_r64,16384,stratum,flores200,ar,complete,3.885323826500297,2.8520499108734403,1683,16384,164.34531380000408,non_dominated,[],[],0.01
sp_unigram-32768,sp_unigram,32768,stratum,flores200,ar,complete,3.934416365824308,0.601684717208183,1662,32768,23.030076499999268,non_dominated,[],[],0.01
boundary_bpe-32768,boundary_bpe,32768,stratum,flores200,ar,complete,3.1727316836487143,0.485201358563804,2061,32768,111.00910029999795,non_dominated,[],[],0.01
uniq_superbpe_r64-32768,uniq_superbpe_r64,32768,stratum,flores200,ar,complete,4.46043656207367,3.2742155525238745,1466,32768,177.08818469999824,non_dominated,[],[],0.01
sp_unigram-65536,sp_unigram,65536,stratum,flores200,ar,complete,4.604929577464789,0.704225352112676,1420,65536,12.838991500000702,non_dominated,[],[],0.01
boundary_bpe-65536,boundary_bpe,65536,stratum,flores200,ar,complete,3.361953727506427,0.5141388174807198,1945,65536,110.46809020001092,non_dominated,[],[],0.01
uniq_superbpe_r64-65536,uniq_superbpe_r64,65536,stratum,flores200,ar,complete,4.75218023255814,2.3255813953488373,1376,65536,164.48556890001055,non_dominated,[],[],0.01
boundary_bpe-131072,boundary_bpe,131072,stratum,flores200,ar,complete,3.5005353319057817,0.5353319057815846,1868,131072,146.1055148000014,non_dominated,[],[],0.01
uniq_superbpe_r64-131072,uniq_superbpe_r64,131072,stratum,flores200,ar,complete,3.9726609963547994,2.67314702308627,1646,131072,204.2958939000091,dominated,"[""sp_unigram-65536"", ""uniq_superbpe_r64-65536""]",[],0.01
sp_unigram-131072,sp_unigram,131072,stratum,flores200,ar,budget_not_reached,,,,,,not_classified_missing_condition,[],[],0.01
sp_unigram-8192,sp_unigram,8192,stratum,flores200,ar,complete,2.8492374727668843,0.4357298474945534,2295,8192,37.834285799995996,non_dominated,[],[],0.05
boundary_bpe-8192,boundary_bpe,8192,stratum,flores200,ar,complete,2.5305727554179565,0.38699690402476783,2584,8192,53.92111880000448,non_dominated,[],[],0.05
uniq_superbpe_r64-8192,uniq_superbpe_r64,8192,stratum,flores200,ar,complete,3.1789013125911523,2.333495381623724,2057,8192,157.98209089998272,non_dominated,[],[],0.05
sp_unigram-16384,sp_unigram,16384,stratum,flores200,ar,complete,3.4271488469601676,0.5241090146750524,1908,16384,35.15026740002213,non_dominated,[],[],0.05
boundary_bpe-16384,boundary_bpe,16384,stratum,flores200,ar,complete,2.8844287604764007,0.4411116012351125,2267,16384,81.80001249999623,non_dominated,[],[],0.05
uniq_superbpe_r64-16384,uniq_superbpe_r64,16384,stratum,flores200,ar,complete,3.885323826500297,2.8520499108734403,1683,16384,164.34531380000408,non_dominated,[],[],0.05
sp_unigram-32768,sp_unigram,32768,stratum,flores200,ar,complete,3.934416365824308,0.601684717208183,1662,32768,23.030076499999268,non_dominated,[],[],0.05
boundary_bpe-32768,boundary_bpe,32768,stratum,flores200,ar,complete,3.1727316836487143,0.485201358563804,2061,32768,111.00910029999795,non_dominated,[],[],0.05
uniq_superbpe_r64-32768,uniq_superbpe_r64,32768,stratum,flores200,ar,complete,4.46043656207367,3.2742155525238745,1466,32768,177.08818469999824,non_dominated,[],[],0.05
sp_unigram-65536,sp_unigram,65536,stratum,flores200,ar,complete,4.604929577464789,0.704225352112676,1420,65536,12.838991500000702,non_dominated,[],[],0.05
boundary_bpe-65536,boundary_bpe,65536,stratum,flores200,ar,complete,3.361953727506427,0.5141388174807198,1945,65536,110.46809020001092,non_dominated,[],[],0.05
uniq_superbpe_r64-65536,uniq_superbpe_r64,65536,stratum,flores200,ar,complete,4.75218023255814,2.3255813953488373,1376,65536,164.48556890001055,non_dominated,[],[],0.05
boundary_bpe-131072,boundary_bpe,131072,stratum,flores200,ar,complete,3.5005353319057817,0.5353319057815846,1868,131072,146.1055148000014,non_dominated,[],[],0.05
uniq_superbpe_r64-131072,uniq_superbpe_r64,131072,stratum,flores200,ar,complete,3.9726609963547994,2.67314702308627,1646,131072,204.2958939000091,dominated,"[""sp_unigram-65536"", ""uniq_superbpe_r64-65536""]",[],0.05
sp_unigram-131072,sp_unigram,131072,stratum,flores200,ar,budget_not_reached,,,,,,not_classified_missing_condition,[],[],0.05
sp_unigram-8192,sp_unigram,8192,stratum,flores200,bg,complete,3.1201000834028356,0.0,2398,8192,37.834285799995996,non_dominated,[],[],0.0
boundary_bpe-8192,boundary_bpe,8192,stratum,flores200,bg,complete,2.819140919366993,0.0,2654,8192,53.92111880000448,dominated,"[""sp_unigram-8192""]",[],0.0
uniq_superbpe_r64-8192,uniq_superbpe_r64,8192,stratum,flores200,bg,complete,3.502808988764045,0.0,2136,8192,157.98209089998272,non_dominated,[],[],0.0
sp_unigram-16384,sp_unigram,16384,stratum,flores200,bg,complete,3.6694458067680236,0.0,2039,16384,35.15026740002213,non_dominated,[],[],0.0
boundary_bpe-16384,boundary_bpe,16384,stratum,flores200,bg,complete,3.1919795221843,0.0,2344,16384,81.80001249999623,dominated,"[""sp_unigram-16384""]",[],0.0
uniq_superbpe_r64-16384,uniq_superbpe_r64,16384,stratum,flores200,bg,complete,4.314878892733564,0.0,1734,16384,164.34531380000408,non_dominated,[],[],0.0
sp_unigram-32768,sp_unigram,32768,stratum,flores200,bg,complete,4.268111808328579,0.0,1753,32768,23.030076499999268,non_dominated,[],[],0.0
boundary_bpe-32768,boundary_bpe,32768,stratum,flores200,bg,complete,3.5325779036827196,0.0,2118,32768,111.00910029999795,dominated,"[""sp_unigram-16384"", ""sp_unigram-32768""]",[],0.0
uniq_superbpe_r64-32768,uniq_superbpe_r64,32768,stratum,flores200,bg,complete,4.811575562700964,0.0,1555,32768,177.08818469999824,non_dominated,[],[],0.0
sp_unigram-65536,sp_unigram,65536,stratum,flores200,bg,complete,4.981358189081225,0.0,1502,65536,12.838991500000702,non_dominated,[],[],0.0
boundary_bpe-65536,boundary_bpe,65536,stratum,flores200,bg,complete,3.703960396039604,0.0,2020,65536,110.46809020001092,dominated,"[""sp_unigram-32768"", ""sp_unigram-65536""]",[],0.0
uniq_superbpe_r64-65536,uniq_superbpe_r64,65536,stratum,flores200,bg,complete,5.206680584551148,0.0,1437,65536,164.48556890001055,non_dominated,[],[],0.0
boundary_bpe-131072,boundary_bpe,131072,stratum,flores200,bg,complete,3.8527291452111228,0.0,1942,131072,146.1055148000014,dominated,"[""sp_unigram-32768"", ""sp_unigram-65536""]",[],0.0
uniq_superbpe_r64-131072,uniq_superbpe_r64,131072,stratum,flores200,bg,complete,4.968127490039841,0.0,1506,131072,204.2958939000091,dominated,"[""sp_unigram-65536"", ""uniq_superbpe_r64-65536""]",[],0.0
sp_unigram-131072,sp_unigram,131072,stratum,flores200,bg,budget_not_reached,,,,,,not_classified_missing_condition,[],[],0.0
sp_unigram-8192,sp_unigram,8192,stratum,flores200,bg,complete,3.1201000834028356,0.0,2398,8192,37.834285799995996,non_dominated,[],[],0.01
boundary_bpe-8192,boundary_bpe,8192,stratum,flores200,bg,complete,2.819140919366993,0.0,2654,8192,53.92111880000448,dominated,"[""sp_unigram-8192""]",[],0.01
uniq_superbpe_r64-8192,uniq_superbpe_r64,8192,stratum,flores200,bg,complete,3.502808988764045,0.0,2136,8192,157.98209089998272,non_dominated,[],[],0.01
sp_unigram-16384,sp_unigram,16384,stratum,flores200,bg,complete,3.6694458067680236,0.0,2039,16384,35.15026740002213,non_dominated,[],[],0.01
boundary_bpe-16384,boundary_bpe,16384,stratum,flores200,bg,complete,3.1919795221843,0.0,2344,16384,81.80001249999623,dominated,"[""sp_unigram-16384""]",[],0.01
uniq_superbpe_r64-16384,uniq_superbpe_r64,16384,stratum,flores200,bg,complete,4.314878892733564,0.0,1734,16384,164.34531380000408,non_dominated,[],[],0.01
sp_unigram-32768,sp_unigram,32768,stratum,flores200,bg,complete,4.268111808328579,0.0,1753,32768,23.030076499999268,non_dominated,[],[],0.01
boundary_bpe-32768,boundary_bpe,32768,stratum,flores200,bg,complete,3.5325779036827196,0.0,2118,32768,111.00910029999795,dominated,"[""sp_unigram-16384"", ""sp_unigram-32768""]",[],0.01
uniq_superbpe_r64-32768,uniq_superbpe_r64,32768,stratum,flores200,bg,complete,4.811575562700964,0.0,1555,32768,177.08818469999824,non_dominated,[],[],0.01
sp_unigram-65536,sp_unigram,65536,stratum,flores200,bg,complete,4.981358189081225,0.0,1502,65536,12.838991500000702,non_dominated,[],[],0.01
boundary_bpe-65536,boundary_bpe,65536,stratum,flores200,bg,complete,3.703960396039604,0.0,2020,65536,110.46809020001092,dominated,"[""sp_unigram-32768"", ""sp_unigram-65536""]",[],0.01
uniq_superbpe_r64-65536,uniq_superbpe_r64,65536,stratum,flores200,bg,complete,5.206680584551148,0.0,1437,65536,164.48556890001055,non_dominated,[],[],0.01
boundary_bpe-131072,boundary_bpe,131072,stratum,flores200,bg,complete,3.8527291452111228,0.0,1942,131072,146.1055148000014,dominated,"[""sp_unigram-32768"", ""sp_unigram-65536""]",[],0.01
uniq_superbpe_r64-131072,uniq_superbpe_r64,131072,stratum,flores200,bg,complete,4.968127490039841,0.0,1506,131072,204.2958939000091,dominated,"[""sp_unigram-65536"", ""uniq_superbpe_r64-65536""]",[],0.01
sp_unigram-131072,sp_unigram,131072,stratum,flores200,bg,budget_not_reached,,,,,,not_classified_missing_condition,[],[],0.01
sp_unigram-8192,sp_unigram,8192,stratum,flores200,bg,complete,3.1201000834028356,0.0,2398,8192,37.834285799995996,non_dominated,[],[],0.05
boundary_bpe-8192,boundary_bpe,8192,stratum,flores200,bg,complete,2.819140919366993,0.0,2654,8192,53.92111880000448,dominated,"[""sp_unigram-8192""]",[],0.05
uniq_superbpe_r64-8192,uniq_superbpe_r64,8192,stratum,flores200,bg,complete,3.502808988764045,0.0,2136,8192,157.98209089998272,non_dominated,[],[],0.05
sp_unigram-16384,sp_unigram,16384,stratum,flores200,bg,complete,3.6694458067680236,0.0,2039,16384,35.15026740002213,non_dominated,[],[],0.05
boundary_bpe-16384,boundary_bpe,16384,stratum,flores200,bg,complete,3.1919795221843,0.0,2344,16384,81.80001249999623,dominated,"[""sp_unigram-16384""]",[],0.05
uniq_superbpe_r64-16384,uniq_superbpe_r64,16384,stratum,flores200,bg,complete,4.314878892733564,0.0,1734,16384,164.34531380000408,non_dominated,[],[],0.05
sp_unigram-32768,sp_unigram,32768,stratum,flores200,bg,complete,4.268111808328579,0.0,1753,32768,23.030076499999268,non_dominated,[],[],0.05
boundary_bpe-32768,boundary_bpe,32768,stratum,flores200,bg,complete,3.5325779036827196,0.0,2118,32768,111.00910029999795,dominated,"[""sp_unigram-16384"", ""sp_unigram-32768""]",[],0.05
uniq_superbpe_r64-32768,uniq_superbpe_r64,32768,stratum,flores200,bg,complete,4.811575562700964,0.0,1555,32768,177.08818469999824,non_dominated,[],[],0.05
sp_unigram-65536,sp_unigram,65536,stratum,flores200,bg,complete,4.981358189081225,0.0,1502,65536,12.838991500000702,non_dominated,[],[],0.05
boundary_bpe-65536,boundary_bpe,65536,stratum,flores200,bg,complete,3.703960396039604,0.0,2020,65536,110.46809020001092,dominated,"[""sp_unigram-32768"", ""sp_unigram-65536""]",[],0.05
uniq_superbpe_r64-65536,uniq_superbpe_r64,65536,stratum,flores200,bg,complete,5.206680584551148,0.0,1437,65536,164.48556890001055,non_dominated,[],[],0.05
boundary_bpe-131072,boundary_bpe,131072,stratum,flores200,bg,complete,3.8527291452111228,0.0,1942,131072,146.1055148000014,dominated,"[""sp_unigram-32768"", ""sp_unigram-65536""]",[],0.05
uniq_superbpe_r64-131072,uniq_superbpe_r64,131072,stratum,flores200,bg,complete,4.968127490039841,0.0,1506,131072,204.2958939000091,dominated,"[""sp_unigram-65536"", ""uniq_superbpe_r64-65536""]",[],0.05
sp_unigram-131072,sp_unigram,131072,stratum,flores200,bg,budget_not_reached,,,,,,not_classified_missing_condition,[],[],0.05
sp_unigram-8192,sp_unigram,8192,stratum,flores200,bn,complete,4.0164056674123785,0.0,2682,8192,37.834285799995996,non_dominated,[],[],0.0
boundary_bpe-8192,boundary_bpe,8192,stratum,flores200,bn,complete,3.874820143884892,0.0,2780,8192,53.92111880000448,dominated,"[""sp_unigram-8192""]",[],0.0
uniq_superbpe_r64-8192,uniq_superbpe_r64,8192,stratum,flores200,bn,complete,3.130485324033711,36.61726242371404,3441,8192,157.98209089998272,dominated,"[""boundary_bpe-8192"", ""sp_unigram-8192""]",[],0.0
sp_unigram-16384,sp_unigram,16384,stratum,flores200,bn,complete,4.832660385823239,0.0,2229,16384,35.15026740002213,non_dominated,[],[],0.0
boundary_bpe-16384,boundary_bpe,16384,stratum,flores200,bn,complete,4.73286467486819,0.0,2276,16384,81.80001249999623,dominated,"[""sp_unigram-16384""]",[],0.0
uniq_superbpe_r64-16384,uniq_superbpe_r64,16384,stratum,flores200,bn,complete,4.217697729052467,21.49569303054033,2554,16384,164.34531380000408,dominated,"[""boundary_bpe-16384"", ""sp_unigram-16384""]",[],0.0
sp_unigram-32768,sp_unigram,32768,stratum,flores200,bn,complete,5.699470899470899,0.0,1890,32768,23.030076499999268,non_dominated,[],[],0.0
boundary_bpe-32768,boundary_bpe,32768,stratum,flores200,bn,complete,5.267481662591687,0.0,2045,32768,111.00910029999795,dominated,"[""sp_unigram-32768""]",[],0.0
uniq_superbpe_r64-32768,uniq_superbpe_r64,32768,stratum,flores200,bn,complete,4.968634686346864,15.498154981549815,2168,32768,177.08818469999824,dominated,"[""boundary_bpe-32768"", ""sp_unigram-32768""]",[],0.0
sp_unigram-65536,sp_unigram,65536,stratum,flores200,bn,complete,7.224681421864521,0.0,1491,65536,12.838991500000702,non_dominated,[],[],0.0
boundary_bpe-65536,boundary_bpe,65536,stratum,flores200,bn,complete,5.651626442812172,0.0,1906,65536,110.46809020001092,dominated,"[""sp_unigram-32768"", ""sp_unigram-65536""]",[],0.0
uniq_superbpe_r64-65536,uniq_superbpe_r64,65536,stratum,flores200,bn,complete,5.672459189046867,10.110584518167457,1899,65536,164.48556890001055,dominated,"[""sp_unigram-32768"", ""sp_unigram-65536""]",[],0.0
boundary_bpe-131072,boundary_bpe,131072,stratum,flores200,bn,complete,5.991101223581757,0.0,1798,131072,146.1055148000014,dominated,"[""sp_unigram-65536""]",[],0.0
uniq_superbpe_r64-131072,uniq_superbpe_r64,131072,stratum,flores200,bn,complete,5.778969957081545,8.851931330472103,1864,131072,204.2958939000091,dominated,"[""boundary_bpe-131072"", ""sp_unigram-65536""]",[],0.0
sp_unigram-131072,sp_unigram,131072,stratum,flores200,bn,budget_not_reached,,,,,,not_classified_missing_condition,[],[],0.0
sp_unigram-8192,sp_unigram,8192,stratum,flores200,bn,complete,4.0164056674123785,0.0,2682,8192,37.834285799995996,non_dominated,[],[],0.01
boundary_bpe-8192,boundary_bpe,8192,stratum,flores200,bn,complete,3.874820143884892,0.0,2780,8192,53.92111880000448,dominated,"[""sp_unigram-8192""]",[],0.01
uniq_superbpe_r64-8192,uniq_superbpe_r64,8192,stratum,flores200,bn,complete,3.130485324033711,36.61726242371404,3441,8192,157.98209089998272,dominated,"[""boundary_bpe-8192"", ""sp_unigram-8192""]",[],0.01
sp_unigram-16384,sp_unigram,16384,stratum,flores200,bn,complete,4.832660385823239,0.0,2229,16384,35.15026740002213,non_dominated,[],[],0.01
boundary_bpe-16384,boundary_bpe,16384,stratum,flores200,bn,complete,4.73286467486819,0.0,2276,16384,81.80001249999623,dominated,"[""sp_unigram-16384""]",[],0.01
uniq_superbpe_r64-16384,uniq_superbpe_r64,16384,stratum,flores200,bn,complete,4.217697729052467,21.49569303054033,2554,16384,164.34531380000408,dominated,"[""boundary_bpe-16384"", ""sp_unigram-16384""]",[],0.01
sp_unigram-32768,sp_unigram,32768,stratum,flores200,bn,complete,5.699470899470899,0.0,1890,32768,23.030076499999268,non_dominated,[],[],0.01
boundary_bpe-32768,boundary_bpe,32768,stratum,flores200,bn,complete,5.267481662591687,0.0,2045,32768,111.00910029999795,dominated,"[""sp_unigram-32768""]",[],0.01
uniq_superbpe_r64-32768,uniq_superbpe_r64,32768,stratum,flores200,bn,complete,4.968634686346864,15.498154981549815,2168,32768,177.08818469999824,dominated,"[""boundary_bpe-32768"", ""sp_unigram-32768""]",[],0.01
sp_unigram-65536,sp_unigram,65536,stratum,flores200,bn,complete,7.224681421864521,0.0,1491,65536,12.838991500000702,non_dominated,[],[],0.01
boundary_bpe-65536,boundary_bpe,65536,stratum,flores200,bn,complete,5.651626442812172,0.0,1906,65536,110.46809020001092,dominated,"[""sp_unigram-32768"", ""sp_unigram-65536""]",[],0.01
uniq_superbpe_r64-65536,uniq_superbpe_r64,65536,stratum,flores200,bn,complete,5.672459189046867,10.110584518167457,1899,65536,164.48556890001055,dominated,"[""sp_unigram-32768"", ""sp_unigram-65536""]",[],0.01
boundary_bpe-131072,boundary_bpe,131072,stratum,flores200,bn,complete,5.991101223581757,0.0,1798,131072,146.1055148000014,dominated,"[""sp_unigram-65536""]",[],0.01
uniq_superbpe_r64-131072,uniq_superbpe_r64,131072,stratum,flores200,bn,complete,5.778969957081545,8.851931330472103,1864,131072,204.2958939000091,dominated,"[""boundary_bpe-131072"", ""sp_unigram-65536""]",[],0.01
sp_unigram-131072,sp_unigram,131072,stratum,flores200,bn,budget_not_reached,,,,,,not_classified_missing_condition,[],[],0.01
sp_unigram-8192,sp_unigram,8192,stratum,flores200,bn,complete,4.0164056674123785,0.0,2682,8192,37.834285799995996,non_dominated,[],[],0.05
boundary_bpe-8192,boundary_bpe,8192,stratum,flores200,bn,complete,3.874820143884892,0.0,2780,8192,53.92111880000448,dominated,"[""sp_unigram-8192""]",[],0.05
uniq_superbpe_r64-8192,uniq_superbpe_r64,8192,stratum,flores200,bn,complete,3.130485324033711,36.61726242371404,3441,8192,157.98209089998272,dominated,"[""boundary_bpe-8192"", ""sp_unigram-8192""]",[],0.05
sp_unigram-16384,sp_unigram,16384,stratum,flores200,bn,complete,4.832660385823239,0.0,2229,16384,35.15026740002213,non_dominated,[],[],0.05
boundary_bpe-16384,boundary_bpe,16384,stratum,flores200,bn,complete,4.73286467486819,0.0,2276,16384,81.80001249999623,dominated,"[""sp_unigram-16384""]",[],0.05
uniq_superbpe_r64-16384,uniq_superbpe_r64,16384,stratum,flores200,bn,complete,4.217697729052467,21.49569303054033,2554,16384,164.34531380000408,dominated,"[""boundary_bpe-16384"", ""sp_unigram-16384""]",[],0.05
sp_unigram-32768,sp_unigram,32768,stratum,flores200,bn,complete,5.699470899470899,0.0,1890,32768,23.030076499999268,non_dominated,[],[],0.05
boundary_bpe-32768,boundary_bpe,32768,stratum,flores200,bn,complete,5.267481662591687,0.0,2045,32768,111.00910029999795,dominated,"[""sp_unigram-32768""]",[],0.05
uniq_superbpe_r64-32768,uniq_superbpe_r64,32768,stratum,flores200,bn,complete,4.968634686346864,15.498154981549815,2168,32768,177.08818469999824,dominated,"[""boundary_bpe-32768"", ""sp_unigram-32768""]",[],0.05
sp_unigram-65536,sp_unigram,65536,stratum,flores200,bn,complete,7.224681421864521,0.0,1491,65536,12.838991500000702,non_dominated,[],[],0.05
boundary_bpe-65536,boundary_bpe,65536,stratum,flores200,bn,complete,5.651626442812172,0.0,1906,65536,110.46809020001092,dominated,"[""sp_unigram-32768"", ""sp_unigram-65536""]",[],0.05
uniq_superbpe_r64-65536,uniq_superbpe_r64,65536,stratum,flores200,bn,complete,5.672459189046867,10.110584518167457,1899,65536,164.48556890001055,dominated,"[""sp_unigram-32768"", ""sp_unigram-65536""]",[],0.05
boundary_bpe-131072,boundary_bpe,131072,stratum,flores200,bn,complete,5.991101223581757,0.0,1798,131072,146.1055148000014,dominated,"[""sp_unigram-65536""]",[],0.05
uniq_superbpe_r64-131072,uniq_superbpe_r64,131072,stratum,flores200,bn,complete,5.778969957081545,8.851931330472103,1864,131072,204.2958939000091,dominated,"[""boundary_bpe-131072"", ""sp_unigram-65536""]",[],0.05
sp_unigram-131072,sp_unigram,131072,stratum,flores200,bn,budget_not_reached,,,,,,not_classified_missing_condition,[],[],0.05
sp_unigram-8192,sp_unigram,8192,stratum,flores200,fa,complete,2.965086206896552,0.0,2320,8192,37.834285799995996,non_dominated,[],[],0.0
boundary_bpe-8192,boundary_bpe,8192,stratum,flores200,fa,complete,2.570627802690583,0.0,2676,8192,53.92111880000448,dominated,"[""sp_unigram-8192""]",[],0.0
uniq_superbpe_r64-8192,uniq_superbpe_r64,8192,stratum,flores200,fa,complete,3.36545988258317,0.19569471624266144,2044,8192,157.98209089998272,non_dominated,[],[],0.0
sp_unigram-16384,sp_unigram,16384,stratum,flores200,fa,complete,3.6746794871794872,0.0,1872,16384,35.15026740002213,non_dominated,[],[],0.0
boundary_bpe-16384,boundary_bpe,16384,stratum,flores200,fa,complete,2.974059662775616,0.0,2313,16384,81.80001249999623,dominated,"[""sp_unigram-16384""]",[],0.0
uniq_superbpe_r64-16384,uniq_superbpe_r64,16384,stratum,flores200,fa,complete,4.243676742751388,0.24676125848241826,1621,16384,164.34531380000408,non_dominated,[],[],0.0
sp_unigram-32768,sp_unigram,32768,stratum,flores200,fa,complete,4.277985074626866,0.0,1608,32768,23.030076499999268,non_dominated,[],[],0.0
boundary_bpe-32768,boundary_bpe,32768,stratum,flores200,fa,complete,3.297698945349952,0.0,2086,32768,111.00910029999795,dominated,"[""sp_unigram-16384"", ""sp_unigram-32768""]",[],0.0
uniq_superbpe_r64-32768,uniq_superbpe_r64,32768,stratum,flores200,fa,complete,4.827368421052632,0.5614035087719298,1425,32768,177.08818469999824,non_dominated,[],[],0.0
sp_unigram-65536,sp_unigram,65536,stratum,flores200,fa,complete,4.938262742282843,0.0,1393,65536,12.838991500000702,non_dominated,[],[],0.0
boundary_bpe-65536,boundary_bpe,65536,stratum,flores200,fa,complete,3.4463927855711423,0.0,1996,65536,110.46809020001092,dominated,"[""sp_unigram-16384"", ""sp_unigram-32768"", ""sp_unigram-65536""]",[],0.0
uniq_superbpe_r64-65536,uniq_superbpe_r64,65536,stratum,flores200,fa,complete,5.118303571428571,0.2976190476190476,1344,65536,164.48556890001055,non_dominated,[],[],0.0
boundary_bpe-131072,boundary_bpe,131072,stratum,flores200,fa,complete,3.586548488008342,0.0,1918,131072,146.1055148000014,dominated,"[""sp_unigram-16384"", ""sp_unigram-32768"", ""sp_unigram-65536""]",[],0.0
uniq_superbpe_r64-131072,uniq_superbpe_r64,131072,stratum,flores200,fa,complete,4.952483801295896,0.14398848092152627,1389,131072,204.2958939000091,non_dominated,[],[],0.0
sp_unigram-131072,sp_unigram,131072,stratum,flores200,fa,budget_not_reached,,,,,,not_classified_missing_condition,[],[],0.0
sp_unigram-8192,sp_unigram,8192,stratum,flores200,fa,complete,2.965086206896552,0.0,2320,8192,37.834285799995996,non_dominated,[],[],0.01
boundary_bpe-8192,boundary_bpe,8192,stratum,flores200,fa,complete,2.570627802690583,0.0,2676,8192,53.92111880000448,dominated,"[""sp_unigram-8192""]",[],0.01
uniq_superbpe_r64-8192,uniq_superbpe_r64,8192,stratum,flores200,fa,complete,3.36545988258317,0.19569471624266144,2044,8192,157.98209089998272,non_dominated,[],[],0.01
sp_unigram-16384,sp_unigram,16384,stratum,flores200,fa,complete,3.6746794871794872,0.0,1872,16384,35.15026740002213,non_dominated,[],[],0.01
boundary_bpe-16384,boundary_bpe,16384,stratum,flores200,fa,complete,2.974059662775616,0.0,2313,16384,81.80001249999623,dominated,"[""sp_unigram-16384""]",[],0.01
uniq_superbpe_r64-16384,uniq_superbpe_r64,16384,stratum,flores200,fa,complete,4.243676742751388,0.24676125848241826,1621,16384,164.34531380000408,non_dominated,[],[],0.01
sp_unigram-32768,sp_unigram,32768,stratum,flores200,fa,complete,4.277985074626866,0.0,1608,32768,23.030076499999268,non_dominated,[],[],0.01
boundary_bpe-32768,boundary_bpe,32768,stratum,flores200,fa,complete,3.297698945349952,0.0,2086,32768,111.00910029999795,dominated,"[""sp_unigram-16384"", ""sp_unigram-32768""]",[],0.01
uniq_superbpe_r64-32768,uniq_superbpe_r64,32768,stratum,flores200,fa,complete,4.827368421052632,0.5614035087719298,1425,32768,177.08818469999824,non_dominated,[],[],0.01
sp_unigram-65536,sp_unigram,65536,stratum,flores200,fa,complete,4.938262742282843,0.0,1393,65536,12.838991500000702,non_dominated,[],[],0.01
boundary_bpe-65536,boundary_bpe,65536,stratum,flores200,fa,complete,3.4463927855711423,0.0,1996,65536,110.46809020001092,dominated,"[""sp_unigram-16384"", ""sp_unigram-32768"", ""sp_unigram-65536""]",[],0.01
uniq_superbpe_r64-65536,uniq_superbpe_r64,65536,stratum,flores200,fa,complete,5.118303571428571,0.2976190476190476,1344,65536,164.48556890001055,non_dominated,[],[],0.01
boundary_bpe-131072,boundary_bpe,131072,stratum,flores200,fa,complete,3.586548488008342,0.0,1918,131072,146.1055148000014,dominated,"[""sp_unigram-16384"", ""sp_unigram-32768"", ""sp_unigram-65536""]",[],0.01
uniq_superbpe_r64-131072,uniq_superbpe_r64,131072,stratum,flores200,fa,complete,4.952483801295896,0.14398848092152627,1389,131072,204.2958939000091,non_dominated,[],[],0.01
sp_unigram-131072,sp_unigram,131072,stratum,flores200,fa,budget_not_reached,,,,,,not_classified_missing_condition,[],[],0.01
sp_unigram-8192,sp_unigram,8192,stratum,flores200,fa,complete,2.965086206896552,0.0,2320,8192,37.834285799995996,non_dominated,[],[],0.05
boundary_bpe-8192,boundary_bpe,8192,stratum,flores200,fa,complete,2.570627802690583,0.0,2676,8192,53.92111880000448,dominated,"[""sp_unigram-8192""]",[],0.05
uniq_superbpe_r64-8192,uniq_superbpe_r64,8192,stratum,flores200,fa,complete,3.36545988258317,0.19569471624266144,2044,8192,157.98209089998272,non_dominated,[],[],0.05
sp_unigram-16384,sp_unigram,16384,stratum,flores200,fa,complete,3.6746794871794872,0.0,1872,16384,35.15026740002213,non_dominated,[],[],0.05
boundary_bpe-16384,boundary_bpe,16384,stratum,flores200,fa,complete,2.974059662775616,0.0,2313,16384,81.80001249999623,dominated,"[""sp_unigram-16384""]",[],0.05
uniq_superbpe_r64-16384,uniq_superbpe_r64,16384,stratum,flores200,fa,complete,4.243676742751388,0.24676125848241826,1621,16384,164.34531380000408,non_dominated,[],[],0.05
sp_unigram-32768,sp_unigram,32768,stratum,flores200,fa,complete,4.277985074626866,0.0,1608,32768,23.030076499999268,non_dominated,[],[],0.05
boundary_bpe-32768,boundary_bpe,32768,stratum,flores200,fa,complete,3.297698945349952,0.0,2086,32768,111.00910029999795,dominated,"[""sp_unigram-16384"", ""sp_unigram-32768""]",[],0.05
uniq_superbpe_r64-32768,uniq_superbpe_r64,32768,stratum,flores200,fa,complete,4.827368421052632,0.5614035087719298,1425,32768,177.08818469999824,non_dominated,[],[],0.05
sp_unigram-65536,sp_unigram,65536,stratum,flores200,fa,complete,4.938262742282843,0.0,1393,65536,12.838991500000702,non_dominated,[],[],0.05
boundary_bpe-65536,boundary_bpe,65536,stratum,flores200,fa,complete,3.4463927855711423,0.0,1996,65536,110.46809020001092,dominated,"[""sp_unigram-16384"", ""sp_unigram-32768"", ""sp_unigram-65536""]",[],0.05
uniq_superbpe_r64-65536,uniq_superbpe_r64,65536,stratum,flores200,fa,complete,5.118303571428571,0.2976190476190476,1344,65536,164.48556890001055,non_dominated,[],[],0.05
boundary_bpe-131072,boundary_bpe,131072,stratum,flores200,fa,complete,3.586548488008342,0.0,1918,131072,146.1055148000014,dominated,"[""sp_unigram-16384"", ""sp_unigram-32768"", ""sp_unigram-65536""]",[],0.05
uniq_superbpe_r64-131072,uniq_superbpe_r64,131072,stratum,flores200,fa,complete,4.952483801295896,0.14398848092152627,1389,131072,204.2958939000091,non_dominated,[],[],0.05
sp_unigram-131072,sp_unigram,131072,stratum,flores200,fa,budget_not_reached,,,,,,not_classified_missing_condition,[],[],0.05
sp_unigram-8192,sp_unigram,8192,stratum,flores200,gu,complete,3.682758620689655,0.0,2610,8192,37.834285799995996,non_dominated,[],[],0.0
boundary_bpe-8192,boundary_bpe,8192,stratum,flores200,gu,complete,3.593271028037383,0.0,2675,8192,53.92111880000448,dominated,"[""sp_unigram-8192""]",[],0.0
uniq_superbpe_r64-8192,uniq_superbpe_r64,8192,stratum,flores200,gu,complete,2.991596638655462,38.18860877684407,3213,8192,157.98209089998272,dominated,"[""boundary_bpe-8192"", ""sp_unigram-8192""]",[],0.0
sp_unigram-16384,sp_unigram,16384,stratum,flores200,gu,complete,4.497894244267665,0.0,2137,16384,35.15026740002213,non_dominated,[],[],0.0
boundary_bpe-16384,boundary_bpe,16384,stratum,flores200,gu,complete,4.241835834068843,0.0,2266,16384,81.80001249999623,dominated,"[""sp_unigram-16384""]",[],0.0
uniq_superbpe_r64-16384,uniq_superbpe_r64,16384,stratum,flores200,gu,complete,4.279608192341941,22.30632235084595,2246,16384,164.34531380000408,dominated,"[""sp_unigram-16384""]",[],0.0
sp_unigram-32768,sp_unigram,32768,stratum,flores200,gu,complete,5.266849315068493,0.0,1825,32768,23.030076499999268,non_dominated,[],[],0.0
boundary_bpe-32768,boundary_bpe,32768,stratum,flores200,gu,complete,4.577142857142857,0.0,2100,32768,111.00910029999795,dominated,"[""sp_unigram-32768""]",[],0.0
uniq_superbpe_r64-32768,uniq_superbpe_r64,32768,stratum,flores200,gu,complete,4.906584992343032,17.457886676875958,1959,32768,177.08818469999824,dominated,"[""sp_unigram-32768""]",[],0.0
sp_unigram-65536,sp_unigram,65536,stratum,flores200,gu,complete,6.352941176470588,0.0,1513,65536,12.838991500000702,non_dominated,[],[],0.0
boundary_bpe-65536,boundary_bpe,65536,stratum,flores200,gu,complete,4.849646821392533,0.0,1982,65536,110.46809020001092,dominated,"[""sp_unigram-32768"", ""sp_unigram-65536""]",[],0.0
uniq_superbpe_r64-65536,uniq_superbpe_r64,65536,stratum,flores200,gu,complete,5.409116488463703,13.33708497467642,1777,65536,164.48556890001055,dominated,"[""sp_unigram-65536""]",[],0.0
boundary_bpe-131072,boundary_bpe,131072,stratum,flores200,gu,complete,5.104620286776421,0.0,1883,131072,146.1055148000014,dominated,"[""sp_unigram-32768"", ""sp_unigram-65536""]",[],0.0
uniq_superbpe_r64-131072,uniq_superbpe_r64,131072,stratum,flores200,gu,complete,5.549653579676674,11.778290993071593,1732,131072,204.2958939000091,dominated,"[""sp_unigram-65536""]",[],0.0
sp_unigram-131072,sp_unigram,131072,stratum,flores200,gu,budget_not_reached,,,,,,not_classified_missing_condition,[],[],0.0
sp_unigram-8192,sp_unigram,8192,stratum,flores200,gu,complete,3.682758620689655,0.0,2610,8192,37.834285799995996,non_dominated,[],[],0.01
boundary_bpe-8192,boundary_bpe,8192,stratum,flores200,gu,complete,3.593271028037383,0.0,2675,8192,53.92111880000448,dominated,"[""sp_unigram-8192""]",[],0.01
uniq_superbpe_r64-8192,uniq_superbpe_r64,8192,stratum,flores200,gu,complete,2.991596638655462,38.18860877684407,3213,8192,157.98209089998272,dominated,"[""boundary_bpe-8192"", ""sp_unigram-8192""]",[],0.01
sp_unigram-16384,sp_unigram,16384,stratum,flores200,gu,complete,4.497894244267665,0.0,2137,16384,35.15026740002213,non_dominated,[],[],0.01
boundary_bpe-16384,boundary_bpe,16384,stratum,flores200,gu,complete,4.241835834068843,0.0,2266,16384,81.80001249999623,dominated,"[""sp_unigram-16384""]",[],0.01
uniq_superbpe_r64-16384,uniq_superbpe_r64,16384,stratum,flores200,gu,complete,4.279608192341941,22.30632235084595,2246,16384,164.34531380000408,dominated,"[""sp_unigram-16384""]",[],0.01
sp_unigram-32768,sp_unigram,32768,stratum,flores200,gu,complete,5.266849315068493,0.0,1825,32768,23.030076499999268,non_dominated,[],[],0.01
boundary_bpe-32768,boundary_bpe,32768,stratum,flores200,gu,complete,4.577142857142857,0.0,2100,32768,111.00910029999795,dominated,"[""sp_unigram-32768""]",[],0.01
uniq_superbpe_r64-32768,uniq_superbpe_r64,32768,stratum,flores200,gu,complete,4.906584992343032,17.457886676875958,1959,32768,177.08818469999824,dominated,"[""sp_unigram-32768""]",[],0.01
sp_unigram-65536,sp_unigram,65536,stratum,flores200,gu,complete,6.352941176470588,0.0,1513,65536,12.838991500000702,non_dominated,[],[],0.01
boundary_bpe-65536,boundary_bpe,65536,stratum,flores200,gu,complete,4.849646821392533,0.0,1982,65536,110.46809020001092,dominated,"[""sp_unigram-32768"", ""sp_unigram-65536""]",[],0.01
uniq_superbpe_r64-65536,uniq_superbpe_r64,65536,stratum,flores200,gu,complete,5.409116488463703,13.33708497467642,1777,65536,164.48556890001055,dominated,"[""sp_unigram-65536""]",[],0.01
boundary_bpe-131072,boundary_bpe,131072,stratum,flores200,gu,complete,5.104620286776421,0.0,1883,131072,146.1055148000014,dominated,"[""sp_unigram-32768"", ""sp_unigram-65536""]",[],0.01
uniq_superbpe_r64-131072,uniq_superbpe_r64,131072,stratum,flores200,gu,complete,5.549653579676674,11.778290993071593,1732,131072,204.2958939000091,dominated,"[""sp_unigram-65536""]",[],0.01
sp_unigram-131072,sp_unigram,131072,stratum,flores200,gu,budget_not_reached,,,,,,not_classified_missing_condition,[],[],0.01
sp_unigram-8192,sp_unigram,8192,stratum,flores200,gu,complete,3.682758620689655,0.0,2610,8192,37.834285799995996,non_dominated,[],[],0.05
boundary_bpe-8192,boundary_bpe,8192,stratum,flores200,gu,complete,3.593271028037383,0.0,2675,8192,53.92111880000448,dominated,"[""sp_unigram-8192""]",[],0.05
uniq_superbpe_r64-8192,uniq_superbpe_r64,8192,stratum,flores200,gu,complete,2.991596638655462,38.18860877684407,3213,8192,157.98209089998272,dominated,"[""boundary_bpe-8192"", ""sp_unigram-8192""]",[],0.05
sp_unigram-16384,sp_unigram,16384,stratum,flores200,gu,complete,4.497894244267665,0.0,2137,16384,35.15026740002213,non_dominated,[],[],0.05
boundary_bpe-16384,boundary_bpe,16384,stratum,flores200,gu,complete,4.241835834068843,0.0,2266,16384,81.80001249999623,dominated,"[""sp_unigram-16384""]",[],0.05
uniq_superbpe_r64-16384,uniq_superbpe_r64,16384,stratum,flores200,gu,complete,4.279608192341941,22.30632235084595,2246,16384,164.34531380000408,dominated,"[""sp_unigram-16384""]",[],0.05
sp_unigram-32768,sp_unigram,32768,stratum,flores200,gu,complete,5.266849315068493,0.0,1825,32768,23.030076499999268,non_dominated,[],[],0.05
boundary_bpe-32768,boundary_bpe,32768,stratum,flores200,gu,complete,4.577142857142857,0.0,2100,32768,111.00910029999795,dominated,"[""sp_unigram-32768""]",[],0.05
uniq_superbpe_r64-32768,uniq_superbpe_r64,32768,stratum,flores200,gu,complete,4.906584992343032,17.457886676875958,1959,32768,177.08818469999824,dominated,"[""sp_unigram-32768""]",[],0.05
sp_unigram-65536,sp_unigram,65536,stratum,flores200,gu,complete,6.352941176470588,0.0,1513,65536,12.838991500000702,non_dominated,[],[],0.05
boundary_bpe-65536,boundary_bpe,65536,stratum,flores200,gu,complete,4.849646821392533,0.0,1982,65536,110.46809020001092,dominated,"[""sp_unigram-32768"", ""sp_unigram-65536""]",[],0.05
uniq_superbpe_r64-65536,uniq_superbpe_r64,65536,stratum,flores200,gu,complete,5.409116488463703,13.33708497467642,1777,65536,164.48556890001055,dominated,"[""sp_unigram-65536""]",[],0.05
boundary_bpe-131072,boundary_bpe,131072,stratum,flores200,gu,complete,5.104620286776421,0.0,1883,131072,146.1055148000014,dominated,"[""sp_unigram-32768"", ""sp_unigram-65536""]",[],0.05
uniq_superbpe_r64-131072,uniq_superbpe_r64,131072,stratum,flores200,gu,complete,5.549653579676674,11.778290993071593,1732,131072,204.2958939000091,dominated,"[""sp_unigram-65536""]",[],0.05
sp_unigram-131072,sp_unigram,131072,stratum,flores200,gu,budget_not_reached,,,,,,not_classified_missing_condition,[],[],0.05
sp_unigram-8192,sp_unigram,8192,stratum,flores200,hi,complete,3.9244253992987925,0.0,2567,8192,37.834285799995996,non_dominated,[],[],0.0
boundary_bpe-8192,boundary_bpe,8192,stratum,flores200,hi,complete,3.5285464098073556,0.0,2855,8192,53.92111880000448,dominated,"[""sp_unigram-8192""]",[],0.0
uniq_superbpe_r64-8192,uniq_superbpe_r64,8192,stratum,flores200,hi,complete,3.27396815079623,35.4891127721807,3077,8192,157.98209089998272,dominated,"[""boundary_bpe-8192"", ""sp_unigram-8192""]",[],0.0
sp_unigram-16384,sp_unigram,16384,stratum,flores200,hi,complete,4.9772727272727275,0.0,2024,16384,35.15026740002213,non_dominated,[],[],0.0
boundary_bpe-16384,boundary_bpe,16384,stratum,flores200,hi,complete,4.211538461538462,0.0,2392,16384,81.80001249999623,dominated,"[""sp_unigram-16384""]",[],0.0
uniq_superbpe_r64-16384,uniq_superbpe_r64,16384,stratum,flores200,hi,complete,4.727358047864852,18.864382918817455,2131,16384,164.34531380000408,dominated,"[""sp_unigram-16384""]",[],0.0
sp_unigram-32768,sp_unigram,32768,stratum,flores200,hi,complete,5.776376146788991,0.0,1744,32768,23.030076499999268,non_dominated,[],[],0.0
boundary_bpe-32768,boundary_bpe,32768,stratum,flores200,hi,complete,4.581173260572988,0.0,2199,32768,111.00910029999795,dominated,"[""sp_unigram-16384"", ""sp_unigram-32768""]",[],0.0
uniq_superbpe_r64-32768,uniq_superbpe_r64,32768,stratum,flores200,hi,complete,5.290966386554622,13.865546218487395,1904,32768,177.08818469999824,dominated,"[""sp_unigram-32768""]",[],0.0
sp_unigram-65536,sp_unigram,65536,stratum,flores200,hi,complete,6.640738299274885,0.0,1517,65536,12.838991500000702,non_dominated,[],[],0.0
boundary_bpe-65536,boundary_bpe,65536,stratum,flores200,hi,complete,4.785748218527316,0.0,2105,65536,110.46809020001092,dominated,"[""sp_unigram-16384"", ""sp_unigram-32768"", ""sp_unigram-65536""]",[],0.0
uniq_superbpe_r64-65536,uniq_superbpe_r64,65536,stratum,flores200,hi,complete,5.73037542662116,10.750853242320819,1758,65536,164.48556890001055,dominated,"[""sp_unigram-32768"", ""sp_unigram-65536""]",[],0.0
boundary_bpe-131072,boundary_bpe,131072,stratum,flores200,hi,complete,4.979733069698468,0.0,2023,131072,146.1055148000014,dominated,"[""sp_unigram-32768"", ""sp_unigram-65536""]",[],0.0
uniq_superbpe_r64-131072,uniq_superbpe_r64,131072,stratum,flores200,hi,complete,5.860383944153577,9.075043630017452,1719,131072,204.2958939000091,dominated,"[""sp_unigram-65536""]",[],0.0
sp_unigram-131072,sp_unigram,131072,stratum,flores200,hi,budget_not_reached,,,,,,not_classified_missing_condition,[],[],0.0
sp_unigram-8192,sp_unigram,8192,stratum,flores200,hi,complete,3.9244253992987925,0.0,2567,8192,37.834285799995996,non_dominated,[],[],0.01
boundary_bpe-8192,boundary_bpe,8192,stratum,flores200,hi,complete,3.5285464098073556,0.0,2855,8192,53.92111880000448,dominated,"[""sp_unigram-8192""]",[],0.01
uniq_superbpe_r64-8192,uniq_superbpe_r64,8192,stratum,flores200,hi,complete,3.27396815079623,35.4891127721807,3077,8192,157.98209089998272,dominated,"[""boundary_bpe-8192"", ""sp_unigram-8192""]",[],0.01
sp_unigram-16384,sp_unigram,16384,stratum,flores200,hi,complete,4.9772727272727275,0.0,2024,16384,35.15026740002213,non_dominated,[],[],0.01
boundary_bpe-16384,boundary_bpe,16384,stratum,flores200,hi,complete,4.211538461538462,0.0,2392,16384,81.80001249999623,dominated,"[""sp_unigram-16384""]",[],0.01
uniq_superbpe_r64-16384,uniq_superbpe_r64,16384,stratum,flores200,hi,complete,4.727358047864852,18.864382918817455,2131,16384,164.34531380000408,dominated,"[""sp_unigram-16384""]",[],0.01
sp_unigram-32768,sp_unigram,32768,stratum,flores200,hi,complete,5.776376146788991,0.0,1744,32768,23.030076499999268,non_dominated,[],[],0.01
boundary_bpe-32768,boundary_bpe,32768,stratum,flores200,hi,complete,4.581173260572988,0.0,2199,32768,111.00910029999795,dominated,"[""sp_unigram-16384"", ""sp_unigram-32768""]",[],0.01
uniq_superbpe_r64-32768,uniq_superbpe_r64,32768,stratum,flores200,hi,complete,5.290966386554622,13.865546218487395,1904,32768,177.08818469999824,dominated,"[""sp_unigram-32768""]",[],0.01
sp_unigram-65536,sp_unigram,65536,stratum,flores200,hi,complete,6.640738299274885,0.0,1517,65536,12.838991500000702,non_dominated,[],[],0.01
boundary_bpe-65536,boundary_bpe,65536,stratum,flores200,hi,complete,4.785748218527316,0.0,2105,65536,110.46809020001092,dominated,"[""sp_unigram-16384"", ""sp_unigram-32768"", ""sp_unigram-65536""]",[],0.01
uniq_superbpe_r64-65536,uniq_superbpe_r64,65536,stratum,flores200,hi,complete,5.73037542662116,10.750853242320819,1758,65536,164.48556890001055,dominated,"[""sp_unigram-32768"", ""sp_unigram-65536""]",[],0.01
boundary_bpe-131072,boundary_bpe,131072,stratum,flores200,hi,complete,4.979733069698468,0.0,2023,131072,146.1055148000014,dominated,"[""sp_unigram-32768"", ""sp_unigram-65536""]",[],0.01
uniq_superbpe_r64-131072,uniq_superbpe_r64,131072,stratum,flores200,hi,complete,5.860383944153577,9.075043630017452,1719,131072,204.2958939000091,dominated,"[""sp_unigram-65536""]",[],0.01
sp_unigram-131072,sp_unigram,131072,stratum,flores200,hi,budget_not_reached,,,,,,not_classified_missing_condition,[],[],0.01
sp_unigram-8192,sp_unigram,8192,stratum,flores200,hi,complete,3.9244253992987925,0.0,2567,8192,37.834285799995996,non_dominated,[],[],0.05
boundary_bpe-8192,boundary_bpe,8192,stratum,flores200,hi,complete,3.5285464098073556,0.0,2855,8192,53.92111880000448,dominated,"[""sp_unigram-8192""]",[],0.05
uniq_superbpe_r64-8192,uniq_superbpe_r64,8192,stratum,flores200,hi,complete,3.27396815079623,35.4891127721807,3077,8192,157.98209089998272,dominated,"[""boundary_bpe-8192"", ""sp_unigram-8192""]",[],0.05
sp_unigram-16384,sp_unigram,16384,stratum,flores200,hi,complete,4.9772727272727275,0.0,2024,16384,35.15026740002213,non_dominated,[],[],0.05
boundary_bpe-16384,boundary_bpe,16384,stratum,flores200,hi,complete,4.211538461538462,0.0,2392,16384,81.80001249999623,dominated,"[""sp_unigram-16384""]",[],0.05
uniq_superbpe_r64-16384,uniq_superbpe_r64,16384,stratum,flores200,hi,complete,4.727358047864852,18.864382918817455,2131,16384,164.34531380000408,dominated,"[""sp_unigram-16384""]",[],0.05
sp_unigram-32768,sp_unigram,32768,stratum,flores200,hi,complete,5.776376146788991,0.0,1744,32768,23.030076499999268,non_dominated,[],[],0.05
boundary_bpe-32768,boundary_bpe,32768,stratum,flores200,hi,complete,4.581173260572988,0.0,2199,32768,111.00910029999795,dominated,"[""sp_unigram-16384"", ""sp_unigram-32768""]",[],0.05
uniq_superbpe_r64-32768,uniq_superbpe_r64,32768,stratum,flores200,hi,complete,5.290966386554622,13.865546218487395,1904,32768,177.08818469999824,dominated,"[""sp_unigram-32768""]",[],0.05
sp_unigram-65536,sp_unigram,65536,stratum,flores200,hi,complete,6.640738299274885,0.0,1517,65536,12.838991500000702,non_dominated,[],[],0.05
boundary_bpe-65536,boundary_bpe,65536,stratum,flores200,hi,complete,4.785748218527316,0.0,2105,65536,110.46809020001092,dominated,"[""sp_unigram-16384"", ""sp_unigram-32768"", ""sp_unigram-65536""]",[],0.05
uniq_superbpe_r64-65536,uniq_superbpe_r64,65536,stratum,flores200,hi,complete,5.73037542662116,10.750853242320819,1758,65536,164.48556890001055,dominated,"[""sp_unigram-32768"", ""sp_unigram-65536""]",[],0.05
boundary_bpe-131072,boundary_bpe,131072,stratum,flores200,hi,complete,4.979733069698468,0.0,2023,131072,146.1055148000014,dominated,"[""sp_unigram-32768"", ""sp_unigram-65536""]",[],0.05
uniq_superbpe_r64-131072,uniq_superbpe_r64,131072,stratum,flores200,hi,complete,5.860383944153577,9.075043630017452,1719,131072,204.2958939000091,dominated,"[""sp_unigram-65536""]",[],0.05
sp_unigram-131072,sp_unigram,131072,stratum,flores200,hi,budget_not_reached,,,,,,not_classified_missing_condition,[],[],0.05
sp_unigram-8192,sp_unigram,8192,stratum,flores200,ja,complete,3.0876132930513593,4.8942598187311175,1655,8192,37.834285799995996,non_dominated,[],[],0.0
boundary_bpe-8192,boundary_bpe,8192,stratum,flores200,ja,complete,3.089480048367594,4.897218863361548,1654,8192,53.92111880000448,non_dominated,[],[],0.0
uniq_superbpe_r64-8192,uniq_superbpe_r64,8192,stratum,flores200,ja,complete,3.029045643153527,4.801422643746295,1687,8192,157.98209089998272,non_dominated,[],[],0.0
sp_unigram-16384,sp_unigram,16384,stratum,flores200,ja,complete,3.3031674208144794,5.235940530058177,1547,16384,35.15026740002213,non_dominated,[],[],0.0
boundary_bpe-16384,boundary_bpe,16384,stratum,flores200,ja,complete,3.485675306957708,5.525238744884038,1466,16384,81.80001249999623,non_dominated,[],[],0.0
uniq_superbpe_r64-16384,uniq_superbpe_r64,16384,stratum,flores200,ja,complete,3.3930942895086322,5.378486055776892,1506,16384,164.34531380000408,non_dominated,[],[],0.0
sp_unigram-32768,sp_unigram,32768,stratum,flores200,ja,complete,3.5684357541899443,5.656424581005586,1432,32768,23.030076499999268,non_dominated,[],[],0.0
boundary_bpe-32768,boundary_bpe,32768,stratum,flores200,ja,complete,3.7490829053558326,5.9427732942039615,1363,32768,111.00910029999795,non_dominated,[],[],0.0
uniq_superbpe_r64-32768,uniq_superbpe_r64,32768,stratum,flores200,ja,complete,3.585964912280702,5.684210526315789,1425,32768,177.08818469999824,non_dominated,[],[],0.0
sp_unigram-65536,sp_unigram,65536,stratum,flores200,ja,complete,3.819133034379671,6.053811659192825,1338,65536,12.838991500000702,non_dominated,[],[],0.0
boundary_bpe-65536,boundary_bpe,65536,stratum,flores200,ja,complete,4.001566170712608,6.3429913860610805,1277,65536,110.46809020001092,non_dominated,[],[],0.0
uniq_superbpe_r64-65536,uniq_superbpe_r64,65536,stratum,flores200,ja,complete,3.7490829053558326,5.9427732942039615,1363,65536,164.48556890001055,dominated,"[""boundary_bpe-32768""]",[],0.0
boundary_bpe-131072,boundary_bpe,131072,stratum,flores200,ja,complete,4.127625201938611,6.54281098546042,1238,131072,146.1055148000014,non_dominated,[],[],0.0
uniq_superbpe_r64-131072,uniq_superbpe_r64,131072,stratum,flores200,ja,complete,3.6266855926188786,5.748757984386089,1409,131072,204.2958939000091,non_dominated,[],[],0.0
sp_unigram-131072,sp_unigram,131072,stratum,flores200,ja,budget_not_reached,,,,,,not_classified_missing_condition,[],[],0.0
sp_unigram-8192,sp_unigram,8192,stratum,flores200,ja,complete,3.0876132930513593,4.8942598187311175,1655,8192,37.834285799995996,non_dominated,[],[],0.01
boundary_bpe-8192,boundary_bpe,8192,stratum,flores200,ja,complete,3.089480048367594,4.897218863361548,1654,8192,53.92111880000448,non_dominated,[],[],0.01
uniq_superbpe_r64-8192,uniq_superbpe_r64,8192,stratum,flores200,ja,complete,3.029045643153527,4.801422643746295,1687,8192,157.98209089998272,non_dominated,[],[],0.01
sp_unigram-16384,sp_unigram,16384,stratum,flores200,ja,complete,3.3031674208144794,5.235940530058177,1547,16384,35.15026740002213,non_dominated,[],[],0.01
boundary_bpe-16384,boundary_bpe,16384,stratum,flores200,ja,complete,3.485675306957708,5.525238744884038,1466,16384,81.80001249999623,non_dominated,[],[],0.01
uniq_superbpe_r64-16384,uniq_superbpe_r64,16384,stratum,flores200,ja,complete,3.3930942895086322,5.378486055776892,1506,16384,164.34531380000408,non_dominated,[],[],0.01
sp_unigram-32768,sp_unigram,32768,stratum,flores200,ja,complete,3.5684357541899443,5.656424581005586,1432,32768,23.030076499999268,non_dominated,[],[],0.01
boundary_bpe-32768,boundary_bpe,32768,stratum,flores200,ja,complete,3.7490829053558326,5.9427732942039615,1363,32768,111.00910029999795,non_dominated,[],[],0.01
uniq_superbpe_r64-32768,uniq_superbpe_r64,32768,stratum,flores200,ja,complete,3.585964912280702,5.684210526315789,1425,32768,177.08818469999824,non_dominated,[],[],0.01
sp_unigram-65536,sp_unigram,65536,stratum,flores200,ja,complete,3.819133034379671,6.053811659192825,1338,65536,12.838991500000702,non_dominated,[],[],0.01
boundary_bpe-65536,boundary_bpe,65536,stratum,flores200,ja,complete,4.001566170712608,6.3429913860610805,1277,65536,110.46809020001092,non_dominated,[],[],0.01
uniq_superbpe_r64-65536,uniq_superbpe_r64,65536,stratum,flores200,ja,complete,3.7490829053558326,5.9427732942039615,1363,65536,164.48556890001055,dominated,"[""boundary_bpe-32768""]",[],0.01
boundary_bpe-131072,boundary_bpe,131072,stratum,flores200,ja,complete,4.127625201938611,6.54281098546042,1238,131072,146.1055148000014,non_dominated,[],[],0.01
uniq_superbpe_r64-131072,uniq_superbpe_r64,131072,stratum,flores200,ja,complete,3.6266855926188786,5.748757984386089,1409,131072,204.2958939000091,non_dominated,[],[],0.01
sp_unigram-131072,sp_unigram,131072,stratum,flores200,ja,budget_not_reached,,,,,,not_classified_missing_condition,[],[],0.01
sp_unigram-8192,sp_unigram,8192,stratum,flores200,ja,complete,3.0876132930513593,4.8942598187311175,1655,8192,37.834285799995996,non_dominated,[],[],0.05
boundary_bpe-8192,boundary_bpe,8192,stratum,flores200,ja,complete,3.089480048367594,4.897218863361548,1654,8192,53.92111880000448,non_dominated,[],[],0.05
uniq_superbpe_r64-8192,uniq_superbpe_r64,8192,stratum,flores200,ja,complete,3.029045643153527,4.801422643746295,1687,8192,157.98209089998272,non_dominated,[],[],0.05
sp_unigram-16384,sp_unigram,16384,stratum,flores200,ja,complete,3.3031674208144794,5.235940530058177,1547,16384,35.15026740002213,non_dominated,[],[],0.05
boundary_bpe-16384,boundary_bpe,16384,stratum,flores200,ja,complete,3.485675306957708,5.525238744884038,1466,16384,81.80001249999623,non_dominated,[],[],0.05
uniq_superbpe_r64-16384,uniq_superbpe_r64,16384,stratum,flores200,ja,complete,3.3930942895086322,5.378486055776892,1506,16384,164.34531380000408,non_dominated,[],[],0.05
sp_unigram-32768,sp_unigram,32768,stratum,flores200,ja,complete,3.5684357541899443,5.656424581005586,1432,32768,23.030076499999268,non_dominated,[],[],0.05
boundary_bpe-32768,boundary_bpe,32768,stratum,flores200,ja,complete,3.7490829053558326,5.9427732942039615,1363,32768,111.00910029999795,non_dominated,[],[],0.05
uniq_superbpe_r64-32768,uniq_superbpe_r64,32768,stratum,flores200,ja,complete,3.585964912280702,5.684210526315789,1425,32768,177.08818469999824,non_dominated,[],[],0.05
sp_unigram-65536,sp_unigram,65536,stratum,flores200,ja,complete,3.819133034379671,6.053811659192825,1338,65536,12.838991500000702,non_dominated,[],[],0.05
boundary_bpe-65536,boundary_bpe,65536,stratum,flores200,ja,complete,4.001566170712608,6.3429913860610805,1277,65536,110.46809020001092,non_dominated,[],[],0.05
uniq_superbpe_r64-65536,uniq_superbpe_r64,65536,stratum,flores200,ja,complete,3.7490829053558326,5.9427732942039615,1363,65536,164.48556890001055,dominated,"[""boundary_bpe-32768""]",[],0.05
boundary_bpe-131072,boundary_bpe,131072,stratum,flores200,ja,complete,4.127625201938611,6.54281098546042,1238,131072,146.1055148000014,non_dominated,[],[],0.05
uniq_superbpe_r64-131072,uniq_superbpe_r64,131072,stratum,flores200,ja,complete,3.6266855926188786,5.748757984386089,1409,131072,204.2958939000091,non_dominated,[],[],0.05
sp_unigram-131072,sp_unigram,131072,stratum,flores200,ja,budget_not_reached,,,,,,not_classified_missing_condition,[],[],0.05
sp_unigram-8192,sp_unigram,8192,stratum,flores200,kn,complete,4.124544792425346,0.0,2746,8192,37.834285799995996,non_dominated,[],[],0.0
boundary_bpe-8192,boundary_bpe,8192,stratum,flores200,kn,complete,3.8947730398899587,0.0,2908,8192,53.92111880000448,dominated,"[""sp_unigram-8192""]",[],0.0
uniq_superbpe_r64-8192,uniq_superbpe_r64,8192,stratum,flores200,kn,complete,3.360830860534125,29.910979228486646,3370,8192,157.98209089998272,dominated,"[""boundary_bpe-8192"", ""sp_unigram-8192""]",[],0.0
sp_unigram-16384,sp_unigram,16384,stratum,flores200,kn,complete,4.974088713219148,0.0,2277,16384,35.15026740002213,non_dominated,[],[],0.0
boundary_bpe-16384,boundary_bpe,16384,stratum,flores200,kn,complete,4.750838926174497,0.0,2384,16384,81.80001249999623,dominated,"[""sp_unigram-16384""]",[],0.0
uniq_superbpe_r64-16384,uniq_superbpe_r64,16384,stratum,flores200,kn,complete,4.703488372093023,11.212624584717608,2408,16384,164.34531380000408,dominated,"[""boundary_bpe-16384"", ""sp_unigram-16384""]",[],0.0
sp_unigram-32768,sp_unigram,32768,stratum,flores200,kn,complete,5.6573426573426575,0.0,2002,32768,23.030076499999268,non_dominated,[],[],0.0
boundary_bpe-32768,boundary_bpe,32768,stratum,flores200,kn,complete,5.238667900092507,0.0,2162,32768,111.00910029999795,dominated,"[""sp_unigram-32768""]",[],0.0
uniq_superbpe_r64-32768,uniq_superbpe_r64,32768,stratum,flores200,kn,complete,5.2974742750233865,4.770813844714687,2138,32768,177.08818469999824,dominated,"[""sp_unigram-32768""]",[],0.0
sp_unigram-65536,sp_unigram,65536,stratum,flores200,kn,complete,6.8559322033898304,0.0,1652,65536,12.838991500000702,non_dominated,[],[],0.0
boundary_bpe-65536,boundary_bpe,65536,stratum,flores200,kn,complete,5.651696606786427,0.0,2004,65536,110.46809020001092,dominated,"[""sp_unigram-32768"", ""sp_unigram-65536""]",[],0.0
uniq_superbpe_r64-65536,uniq_superbpe_r64,65536,stratum,flores200,kn,complete,5.595849802371541,2.816205533596838,2024,65536,164.48556890001055,dominated,"[""boundary_bpe-65536"", ""sp_unigram-32768"", ""sp_unigram-65536""]",[],0.0
boundary_bpe-131072,boundary_bpe,131072,stratum,flores200,kn,complete,5.908189880020866,0.0,1917,131072,146.1055148000014,dominated,"[""sp_unigram-65536""]",[],0.0
uniq_superbpe_r64-131072,uniq_superbpe_r64,131072,stratum,flores200,kn,complete,5.671507260891337,1.9529293940911367,1997,131072,204.2958939000091,dominated,"[""boundary_bpe-131072"", ""sp_unigram-65536""]",[],0.0
sp_unigram-131072,sp_unigram,131072,stratum,flores200,kn,budget_not_reached,,,,,,not_classified_missing_condition,[],[],0.0
sp_unigram-8192,sp_unigram,8192,stratum,flores200,kn,complete,4.124544792425346,0.0,2746,8192,37.834285799995996,non_dominated,[],[],0.01
boundary_bpe-8192,boundary_bpe,8192,stratum,flores200,kn,complete,3.8947730398899587,0.0,2908,8192,53.92111880000448,dominated,"[""sp_unigram-8192""]",[],0.01
uniq_superbpe_r64-8192,uniq_superbpe_r64,8192,stratum,flores200,kn,complete,3.360830860534125,29.910979228486646,3370,8192,157.98209089998272,dominated,"[""boundary_bpe-8192"", ""sp_unigram-8192""]",[],0.01
sp_unigram-16384,sp_unigram,16384,stratum,flores200,kn,complete,4.974088713219148,0.0,2277,16384,35.15026740002213,non_dominated,[],[],0.01
boundary_bpe-16384,boundary_bpe,16384,stratum,flores200,kn,complete,4.750838926174497,0.0,2384,16384,81.80001249999623,dominated,"[""sp_unigram-16384""]",[],0.01
uniq_superbpe_r64-16384,uniq_superbpe_r64,16384,stratum,flores200,kn,complete,4.703488372093023,11.212624584717608,2408,16384,164.34531380000408,dominated,"[""boundary_bpe-16384"", ""sp_unigram-16384""]",[],0.01
sp_unigram-32768,sp_unigram,32768,stratum,flores200,kn,complete,5.6573426573426575,0.0,2002,32768,23.030076499999268,non_dominated,[],[],0.01
boundary_bpe-32768,boundary_bpe,32768,stratum,flores200,kn,complete,5.238667900092507,0.0,2162,32768,111.00910029999795,dominated,"[""sp_unigram-32768""]",[],0.01
uniq_superbpe_r64-32768,uniq_superbpe_r64,32768,stratum,flores200,kn,complete,5.2974742750233865,4.770813844714687,2138,32768,177.08818469999824,dominated,"[""sp_unigram-32768""]",[],0.01
sp_unigram-65536,sp_unigram,65536,stratum,flores200,kn,complete,6.8559322033898304,0.0,1652,65536,12.838991500000702,non_dominated,[],[],0.01
boundary_bpe-65536,boundary_bpe,65536,stratum,flores200,kn,complete,5.651696606786427,0.0,2004,65536,110.46809020001092,dominated,"[""sp_unigram-32768"", ""sp_unigram-65536""]",[],0.01
uniq_superbpe_r64-65536,uniq_superbpe_r64,65536,stratum,flores200,kn,complete,5.595849802371541,2.816205533596838,2024,65536,164.48556890001055,dominated,"[""boundary_bpe-65536"", ""sp_unigram-32768"", ""sp_unigram-65536""]",[],0.01
boundary_bpe-131072,boundary_bpe,131072,stratum,flores200,kn,complete,5.908189880020866,0.0,1917,131072,146.1055148000014,dominated,"[""sp_unigram-65536""]",[],0.01
uniq_superbpe_r64-131072,uniq_superbpe_r64,131072,stratum,flores200,kn,complete,5.671507260891337,1.9529293940911367,1997,131072,204.2958939000091,dominated,"[""boundary_bpe-131072"", ""sp_unigram-65536""]",[],0.01
sp_unigram-131072,sp_unigram,131072,stratum,flores200,kn,budget_not_reached,,,,,,not_classified_missing_condition,[],[],0.01
sp_unigram-8192,sp_unigram,8192,stratum,flores200,kn,complete,4.124544792425346,0.0,2746,8192,37.834285799995996,non_dominated,[],[],0.05
boundary_bpe-8192,boundary_bpe,8192,stratum,flores200,kn,complete,3.8947730398899587,0.0,2908,8192,53.92111880000448,dominated,"[""sp_unigram-8192""]",[],0.05
uniq_superbpe_r64-8192,uniq_superbpe_r64,8192,stratum,flores200,kn,complete,3.360830860534125,29.910979228486646,3370,8192,157.98209089998272,dominated,"[""boundary_bpe-8192"", ""sp_unigram-8192""]",[],0.05
sp_unigram-16384,sp_unigram,16384,stratum,flores200,kn,complete,4.974088713219148,0.0,2277,16384,35.15026740002213,non_dominated,[],[],0.05
boundary_bpe-16384,boundary_bpe,16384,stratum,flores200,kn,complete,4.750838926174497,0.0,2384,16384,81.80001249999623,dominated,"[""sp_unigram-16384""]",[],0.05
uniq_superbpe_r64-16384,uniq_superbpe_r64,16384,stratum,flores200,kn,complete,4.703488372093023,11.212624584717608,2408,16384,164.34531380000408,dominated,"[""boundary_bpe-16384"", ""sp_unigram-16384""]",[],0.05
sp_unigram-32768,sp_unigram,32768,stratum,flores200,kn,complete,5.6573426573426575,0.0,2002,32768,23.030076499999268,non_dominated,[],[],0.05
boundary_bpe-32768,boundary_bpe,32768,stratum,flores200,kn,complete,5.238667900092507,0.0,2162,32768,111.00910029999795,dominated,"[""sp_unigram-32768""]",[],0.05
uniq_superbpe_r64-32768,uniq_superbpe_r64,32768,stratum,flores200,kn,complete,5.2974742750233865,4.770813844714687,2138,32768,177.08818469999824,dominated,"[""sp_unigram-32768""]",[],0.05
sp_unigram-65536,sp_unigram,65536,stratum,flores200,kn,complete,6.8559322033898304,0.0,1652,65536,12.838991500000702,non_dominated,[],[],0.05
boundary_bpe-65536,boundary_bpe,65536,stratum,flores200,kn,complete,5.651696606786427,0.0,2004,65536,110.46809020001092,dominated,"[""sp_unigram-32768"", ""sp_unigram-65536""]",[],0.05
uniq_superbpe_r64-65536,uniq_superbpe_r64,65536,stratum,flores200,kn,complete,5.595849802371541,2.816205533596838,2024,65536,164.48556890001055,dominated,"[""boundary_bpe-65536"", ""sp_unigram-32768"", ""sp_unigram-65536""]",[],0.05
boundary_bpe-131072,boundary_bpe,131072,stratum,flores200,kn,complete,5.908189880020866,0.0,1917,131072,146.1055148000014,dominated,"[""sp_unigram-65536""]",[],0.05
uniq_superbpe_r64-131072,uniq_superbpe_r64,131072,stratum,flores200,kn,complete,5.671507260891337,1.9529293940911367,1997,131072,204.2958939000091,dominated,"[""boundary_bpe-131072"", ""sp_unigram-65536""]",[],0.05
sp_unigram-131072,sp_unigram,131072,stratum,flores200,kn,budget_not_reached,,,,,,not_classified_missing_condition,[],[],0.05
sp_unigram-8192,sp_unigram,8192,stratum,flores200,ko,complete,2.505291005291005,2.380952380952381,1890,8192,37.834285799995996,non_dominated,[],[],0.0
boundary_bpe-8192,boundary_bpe,8192,stratum,flores200,ko,complete,2.4764644351464433,2.3535564853556483,1912,8192,53.92111880000448,non_dominated,[],[],0.0
uniq_superbpe_r64-8192,uniq_superbpe_r64,8192,stratum,flores200,ko,complete,2.744927536231884,2.608695652173913,1725,8192,157.98209089998272,non_dominated,[],[],0.0
sp_unigram-16384,sp_unigram,16384,stratum,flores200,ko,complete,2.6888131743327657,2.5553662691652472,1761,16384,35.15026740002213,non_dominated,[],[],0.0
boundary_bpe-16384,boundary_bpe,16384,stratum,flores200,ko,complete,2.6437744276940256,2.512562814070352,1791,16384,81.80001249999623,non_dominated,[],[],0.0
uniq_superbpe_r64-16384,uniq_superbpe_r64,16384,stratum,flores200,ko,complete,3.106955380577428,2.952755905511811,1524,16384,164.34531380000408,non_dominated,[],[],0.0
sp_unigram-32768,sp_unigram,32768,stratum,flores200,ko,complete,2.9817380352644838,2.8337531486146097,1588,32768,23.030076499999268,non_dominated,[],[],0.0
boundary_bpe-32768,boundary_bpe,32768,stratum,flores200,ko,complete,2.765771028037383,2.628504672897196,1712,32768,111.00910029999795,non_dominated,[],[],0.0
uniq_superbpe_r64-32768,uniq_superbpe_r64,32768,stratum,flores200,ko,complete,3.2655172413793103,3.103448275862069,1450,32768,177.08818469999824,non_dominated,[],[],0.0
sp_unigram-65536,sp_unigram,65536,stratum,flores200,ko,complete,3.391833810888252,3.2234957020057307,1396,65536,12.838991500000702,non_dominated,[],[],0.0
boundary_bpe-65536,boundary_bpe,65536,stratum,flores200,ko,complete,2.8924862553451436,2.748930971288943,1637,65536,110.46809020001092,non_dominated,[],[],0.0
uniq_superbpe_r64-65536,uniq_superbpe_r64,65536,stratum,flores200,ko,complete,3.5256887565152644,3.3507073715562172,1343,65536,164.48556890001055,non_dominated,[],[],0.0
boundary_bpe-131072,boundary_bpe,131072,stratum,flores200,ko,complete,2.9836168872085698,2.835538752362949,1587,131072,146.1055148000014,non_dominated,[],[],0.0
uniq_superbpe_r64-131072,uniq_superbpe_r64,131072,stratum,flores200,ko,complete,3.5898407884761183,3.411675511751327,1319,131072,204.2958939000091,non_dominated,[],[],0.0
sp_unigram-131072,sp_unigram,131072,stratum,flores200,ko,budget_not_reached,,,,,,not_classified_missing_condition,[],[],0.0
sp_unigram-8192,sp_unigram,8192,stratum,flores200,ko,complete,2.505291005291005,2.380952380952381,1890,8192,37.834285799995996,non_dominated,[],[],0.01
boundary_bpe-8192,boundary_bpe,8192,stratum,flores200,ko,complete,2.4764644351464433,2.3535564853556483,1912,8192,53.92111880000448,non_dominated,[],[],0.01
uniq_superbpe_r64-8192,uniq_superbpe_r64,8192,stratum,flores200,ko,complete,2.744927536231884,2.608695652173913,1725,8192,157.98209089998272,non_dominated,[],[],0.01
sp_unigram-16384,sp_unigram,16384,stratum,flores200,ko,complete,2.6888131743327657,2.5553662691652472,1761,16384,35.15026740002213,non_dominated,[],[],0.01
boundary_bpe-16384,boundary_bpe,16384,stratum,flores200,ko,complete,2.6437744276940256,2.512562814070352,1791,16384,81.80001249999623,non_dominated,[],[],0.01
uniq_superbpe_r64-16384,uniq_superbpe_r64,16384,stratum,flores200,ko,complete,3.106955380577428,2.952755905511811,1524,16384,164.34531380000408,non_dominated,[],[],0.01
sp_unigram-32768,sp_unigram,32768,stratum,flores200,ko,complete,2.9817380352644838,2.8337531486146097,1588,32768,23.030076499999268,non_dominated,[],[],0.01
boundary_bpe-32768,boundary_bpe,32768,stratum,flores200,ko,complete,2.765771028037383,2.628504672897196,1712,32768,111.00910029999795,non_dominated,[],[],0.01
uniq_superbpe_r64-32768,uniq_superbpe_r64,32768,stratum,flores200,ko,complete,3.2655172413793103,3.103448275862069,1450,32768,177.08818469999824,non_dominated,[],[],0.01
sp_unigram-65536,sp_unigram,65536,stratum,flores200,ko,complete,3.391833810888252,3.2234957020057307,1396,65536,12.838991500000702,non_dominated,[],[],0.01
boundary_bpe-65536,boundary_bpe,65536,stratum,flores200,ko,complete,2.8924862553451436,2.748930971288943,1637,65536,110.46809020001092,non_dominated,[],[],0.01
uniq_superbpe_r64-65536,uniq_superbpe_r64,65536,stratum,flores200,ko,complete,3.5256887565152644,3.3507073715562172,1343,65536,164.48556890001055,non_dominated,[],[],0.01
boundary_bpe-131072,boundary_bpe,131072,stratum,flores200,ko,complete,2.9836168872085698,2.835538752362949,1587,131072,146.1055148000014,non_dominated,[],[],0.01
uniq_superbpe_r64-131072,uniq_superbpe_r64,131072,stratum,flores200,ko,complete,3.5898407884761183,3.411675511751327,1319,131072,204.2958939000091,non_dominated,[],[],0.01
sp_unigram-131072,sp_unigram,131072,stratum,flores200,ko,budget_not_reached,,,,,,not_classified_missing_condition,[],[],0.01
sp_unigram-8192,sp_unigram,8192,stratum,flores200,ko,complete,2.505291005291005,2.380952380952381,1890,8192,37.834285799995996,non_dominated,[],[],0.05
boundary_bpe-8192,boundary_bpe,8192,stratum,flores200,ko,complete,2.4764644351464433,2.3535564853556483,1912,8192,53.92111880000448,non_dominated,[],[],0.05
uniq_superbpe_r64-8192,uniq_superbpe_r64,8192,stratum,flores200,ko,complete,2.744927536231884,2.608695652173913,1725,8192,157.98209089998272,non_dominated,[],[],0.05
sp_unigram-16384,sp_unigram,16384,stratum,flores200,ko,complete,2.6888131743327657,2.5553662691652472,1761,16384,35.15026740002213,non_dominated,[],[],0.05
boundary_bpe-16384,boundary_bpe,16384,stratum,flores200,ko,complete,2.6437744276940256,2.512562814070352,1791,16384,81.80001249999623,non_dominated,[],[],0.05
uniq_superbpe_r64-16384,uniq_superbpe_r64,16384,stratum,flores200,ko,complete,3.106955380577428,2.952755905511811,1524,16384,164.34531380000408,non_dominated,[],[],0.05
sp_unigram-32768,sp_unigram,32768,stratum,flores200,ko,complete,2.9817380352644838,2.8337531486146097,1588,32768,23.030076499999268,non_dominated,[],[],0.05
boundary_bpe-32768,boundary_bpe,32768,stratum,flores200,ko,complete,2.765771028037383,2.628504672897196,1712,32768,111.00910029999795,non_dominated,[],[],0.05
uniq_superbpe_r64-32768,uniq_superbpe_r64,32768,stratum,flores200,ko,complete,3.2655172413793103,3.103448275862069,1450,32768,177.08818469999824,non_dominated,[],[],0.05
sp_unigram-65536,sp_unigram,65536,stratum,flores200,ko,complete,3.391833810888252,3.2234957020057307,1396,65536,12.838991500000702,non_dominated,[],[],0.05
boundary_bpe-65536,boundary_bpe,65536,stratum,flores200,ko,complete,2.8924862553451436,2.748930971288943,1637,65536,110.46809020001092,non_dominated,[],[],0.05
uniq_superbpe_r64-65536,uniq_superbpe_r64,65536,stratum,flores200,ko,complete,3.5256887565152644,3.3507073715562172,1343,65536,164.48556890001055,non_dominated,[],[],0.05
boundary_bpe-131072,boundary_bpe,131072,stratum,flores200,ko,complete,2.9836168872085698,2.835538752362949,1587,131072,146.1055148000014,non_dominated,[],[],0.05
uniq_superbpe_r64-131072,uniq_superbpe_r64,131072,stratum,flores200,ko,complete,3.5898407884761183,3.411675511751327,1319,131072,204.2958939000091,non_dominated,[],[],0.05
sp_unigram-131072,sp_unigram,131072,stratum,flores200,ko,budget_not_reached,,,,,,not_classified_missing_condition,[],[],0.05
sp_unigram-8192,sp_unigram,8192,stratum,flores200,ml,complete,4.049710589036431,0.0,2937,8192,37.834285799995996,non_dominated,[],[],0.0
boundary_bpe-8192,boundary_bpe,8192,stratum,flores200,ml,complete,4.029132791327913,0.0,2952,8192,53.92111880000448,dominated,"[""sp_unigram-8192""]",[],0.0
uniq_superbpe_r64-8192,uniq_superbpe_r64,8192,stratum,flores200,ml,complete,3.1802139037433155,40.3475935828877,3740,8192,157.98209089998272,dominated,"[""boundary_bpe-8192"", ""sp_unigram-8192""]",[],0.0
sp_unigram-16384,sp_unigram,16384,stratum,flores200,ml,complete,4.900700453234446,0.0,2427,16384,35.15026740002213,non_dominated,[],[],0.0
boundary_bpe-16384,boundary_bpe,16384,stratum,flores200,ml,complete,4.9558333333333335,0.0,2400,16384,81.80001249999623,non_dominated,[],[],0.0
uniq_superbpe_r64-16384,uniq_superbpe_r64,16384,stratum,flores200,ml,complete,4.78439259855189,20.75623491552695,2486,16384,164.34531380000408,dominated,"[""boundary_bpe-16384"", ""sp_unigram-16384""]",[],0.0
sp_unigram-32768,sp_unigram,32768,stratum,flores200,ml,complete,5.799122379327158,0.0,2051,32768,23.030076499999268,non_dominated,[],[],0.0
boundary_bpe-32768,boundary_bpe,32768,stratum,flores200,ml,complete,5.563143124415341,0.0,2138,32768,111.00910029999795,dominated,"[""sp_unigram-32768""]",[],0.0
uniq_superbpe_r64-32768,uniq_superbpe_r64,32768,stratum,flores200,ml,complete,5.838978890525282,9.425625920471282,2037,32768,177.08818469999824,non_dominated,[],[],0.0
sp_unigram-65536,sp_unigram,65536,stratum,flores200,ml,complete,7.43375,0.0,1600,65536,12.838991500000702,non_dominated,[],[],0.0
boundary_bpe-65536,boundary_bpe,65536,stratum,flores200,ml,complete,6.134089736977824,0.0,1939,65536,110.46809020001092,dominated,"[""sp_unigram-65536""]",[],0.0
uniq_superbpe_r64-65536,uniq_superbpe_r64,65536,stratum,flores200,ml,complete,6.256706996317727,6.628090478695423,1901,65536,164.48556890001055,dominated,"[""sp_unigram-65536""]",[],0.0
boundary_bpe-131072,boundary_bpe,131072,stratum,flores200,ml,complete,6.394623655913978,0.0,1860,131072,146.1055148000014,dominated,"[""sp_unigram-65536""]",[],0.0
uniq_superbpe_r64-131072,uniq_superbpe_r64,131072,stratum,flores200,ml,complete,6.42571582928147,5.186385737439222,1851,131072,204.2958939000091,dominated,"[""sp_unigram-65536""]",[],0.0
sp_unigram-131072,sp_unigram,131072,stratum,flores200,ml,budget_not_reached,,,,,,not_classified_missing_condition,[],[],0.0
sp_unigram-8192,sp_unigram,8192,stratum,flores200,ml,complete,4.049710589036431,0.0,2937,8192,37.834285799995996,non_dominated,[],[],0.01
boundary_bpe-8192,boundary_bpe,8192,stratum,flores200,ml,complete,4.029132791327913,0.0,2952,8192,53.92111880000448,dominated,"[""sp_unigram-8192""]",[],0.01
uniq_superbpe_r64-8192,uniq_superbpe_r64,8192,stratum,flores200,ml,complete,3.1802139037433155,40.3475935828877,3740,8192,157.98209089998272,dominated,"[""boundary_bpe-8192"", ""sp_unigram-8192""]",[],0.01
sp_unigram-16384,sp_unigram,16384,stratum,flores200,ml,complete,4.900700453234446,0.0,2427,16384,35.15026740002213,non_dominated,[],[],0.01
boundary_bpe-16384,boundary_bpe,16384,stratum,flores200,ml,complete,4.9558333333333335,0.0,2400,16384,81.80001249999623,non_dominated,[],[],0.01
uniq_superbpe_r64-16384,uniq_superbpe_r64,16384,stratum,flores200,ml,complete,4.78439259855189,20.75623491552695,2486,16384,164.34531380000408,dominated,"[""boundary_bpe-16384"", ""sp_unigram-16384""]",[],0.01
sp_unigram-32768,sp_unigram,32768,stratum,flores200,ml,complete,5.799122379327158,0.0,2051,32768,23.030076499999268,non_dominated,[],[],0.01
boundary_bpe-32768,boundary_bpe,32768,stratum,flores200,ml,complete,5.563143124415341,0.0,2138,32768,111.00910029999795,dominated,"[""sp_unigram-32768""]",[],0.01
uniq_superbpe_r64-32768,uniq_superbpe_r64,32768,stratum,flores200,ml,complete,5.838978890525282,9.425625920471282,2037,32768,177.08818469999824,non_dominated,[],[],0.01
sp_unigram-65536,sp_unigram,65536,stratum,flores200,ml,complete,7.43375,0.0,1600,65536,12.838991500000702,non_dominated,[],[],0.01
boundary_bpe-65536,boundary_bpe,65536,stratum,flores200,ml,complete,6.134089736977824,0.0,1939,65536,110.46809020001092,dominated,"[""sp_unigram-65536""]",[],0.01
uniq_superbpe_r64-65536,uniq_superbpe_r64,65536,stratum,flores200,ml,complete,6.256706996317727,6.628090478695423,1901,65536,164.48556890001055,dominated,"[""sp_unigram-65536""]",[],0.01
boundary_bpe-131072,boundary_bpe,131072,stratum,flores200,ml,complete,6.394623655913978,0.0,1860,131072,146.1055148000014,dominated,"[""sp_unigram-65536""]",[],0.01
uniq_superbpe_r64-131072,uniq_superbpe_r64,131072,stratum,flores200,ml,complete,6.42571582928147,5.186385737439222,1851,131072,204.2958939000091,dominated,"[""sp_unigram-65536""]",[],0.01
sp_unigram-131072,sp_unigram,131072,stratum,flores200,ml,budget_not_reached,,,,,,not_classified_missing_condition,[],[],0.01
sp_unigram-8192,sp_unigram,8192,stratum,flores200,ml,complete,4.049710589036431,0.0,2937,8192,37.834285799995996,non_dominated,[],[],0.05
boundary_bpe-8192,boundary_bpe,8192,stratum,flores200,ml,complete,4.029132791327913,0.0,2952,8192,53.92111880000448,dominated,"[""sp_unigram-8192""]",[],0.05
uniq_superbpe_r64-8192,uniq_superbpe_r64,8192,stratum,flores200,ml,complete,3.1802139037433155,40.3475935828877,3740,8192,157.98209089998272,dominated,"[""boundary_bpe-8192"", ""sp_unigram-8192""]",[],0.05
sp_unigram-16384,sp_unigram,16384,stratum,flores200,ml,complete,4.900700453234446,0.0,2427,16384,35.15026740002213,non_dominated,[],[],0.05
boundary_bpe-16384,boundary_bpe,16384,stratum,flores200,ml,complete,4.9558333333333335,0.0,2400,16384,81.80001249999623,non_dominated,[],[],0.05
uniq_superbpe_r64-16384,uniq_superbpe_r64,16384,stratum,flores200,ml,complete,4.78439259855189,20.75623491552695,2486,16384,164.34531380000408,dominated,"[""boundary_bpe-16384"", ""sp_unigram-16384""]",[],0.05
sp_unigram-32768,sp_unigram,32768,stratum,flores200,ml,complete,5.799122379327158,0.0,2051,32768,23.030076499999268,non_dominated,[],[],0.05
boundary_bpe-32768,boundary_bpe,32768,stratum,flores200,ml,complete,5.563143124415341,0.0,2138,32768,111.00910029999795,dominated,"[""sp_unigram-32768""]",[],0.05
uniq_superbpe_r64-32768,uniq_superbpe_r64,32768,stratum,flores200,ml,complete,5.838978890525282,9.425625920471282,2037,32768,177.08818469999824,non_dominated,[],[],0.05
sp_unigram-65536,sp_unigram,65536,stratum,flores200,ml,complete,7.43375,0.0,1600,65536,12.838991500000702,non_dominated,[],[],0.05
boundary_bpe-65536,boundary_bpe,65536,stratum,flores200,ml,complete,6.134089736977824,0.0,1939,65536,110.46809020001092,dominated,"[""sp_unigram-65536""]",[],0.05
uniq_superbpe_r64-65536,uniq_superbpe_r64,65536,stratum,flores200,ml,complete,6.256706996317727,6.628090478695423,1901,65536,164.48556890001055,dominated,"[""sp_unigram-65536""]",[],0.05
boundary_bpe-131072,boundary_bpe,131072,stratum,flores200,ml,complete,6.394623655913978,0.0,1860,131072,146.1055148000014,dominated,"[""sp_unigram-65536""]",[],0.05
uniq_superbpe_r64-131072,uniq_superbpe_r64,131072,stratum,flores200,ml,complete,6.42571582928147,5.186385737439222,1851,131072,204.2958939000091,dominated,"[""sp_unigram-65536""]",[],0.05
sp_unigram-131072,sp_unigram,131072,stratum,flores200,ml,budget_not_reached,,,,,,not_classified_missing_condition,[],[],0.05
sp_unigram-8192,sp_unigram,8192,stratum,flores200,mr,complete,4.186712485681558,0.0,2619,8192,37.834285799995996,non_dominated,[],[],0.0
boundary_bpe-8192,boundary_bpe,8192,stratum,flores200,mr,complete,4.0076754385964914,0.0,2736,8192,53.92111880000448,dominated,"[""sp_unigram-8192""]",[],0.0
uniq_superbpe_r64-8192,uniq_superbpe_r64,8192,stratum,flores200,mr,complete,3.2421643997634537,37.07865168539326,3382,8192,157.98209089998272,dominated,"[""boundary_bpe-8192"", ""sp_unigram-8192""]",[],0.0
sp_unigram-16384,sp_unigram,16384,stratum,flores200,mr,complete,5.297101449275362,0.0,2070,16384,35.15026740002213,non_dominated,[],[],0.0
boundary_bpe-16384,boundary_bpe,16384,stratum,flores200,mr,complete,4.790301441677588,0.0,2289,16384,81.80001249999623,dominated,"[""sp_unigram-16384""]",[],0.0
uniq_superbpe_r64-16384,uniq_superbpe_r64,16384,stratum,flores200,mr,complete,4.681895815542272,21.64816396242528,2342,16384,164.34531380000408,dominated,"[""boundary_bpe-16384"", ""sp_unigram-16384""]",[],0.0
sp_unigram-32768,sp_unigram,32768,stratum,flores200,mr,complete,6.280068728522337,0.0,1746,32768,23.030076499999268,non_dominated,[],[],0.0
boundary_bpe-32768,boundary_bpe,32768,stratum,flores200,mr,complete,5.436291522062469,0.0,2017,32768,111.00910029999795,dominated,"[""sp_unigram-32768""]",[],0.0
uniq_superbpe_r64-32768,uniq_superbpe_r64,32768,stratum,flores200,mr,complete,5.264042246759481,15.698511761881901,2083,32768,177.08818469999824,dominated,"[""boundary_bpe-32768"", ""sp_unigram-16384"", ""sp_unigram-32768""]",[],0.0
sp_unigram-65536,sp_unigram,65536,stratum,flores200,mr,complete,7.418809201623816,0.0,1478,65536,12.838991500000702,non_dominated,[],[],0.0
boundary_bpe-65536,boundary_bpe,65536,stratum,flores200,mr,complete,5.76801683324566,0.0,1901,65536,110.46809020001092,dominated,"[""sp_unigram-32768"", ""sp_unigram-65536""]",[],0.0
uniq_superbpe_r64-65536,uniq_superbpe_r64,65536,stratum,flores200,mr,complete,5.789334741288279,11.721224920802534,1894,65536,164.48556890001055,dominated,"[""sp_unigram-32768"", ""sp_unigram-65536""]",[],0.0
boundary_bpe-131072,boundary_bpe,131072,stratum,flores200,mr,complete,5.975476839237057,0.0,1835,131072,146.1055148000014,dominated,"[""sp_unigram-32768"", ""sp_unigram-65536""]",[],0.0
uniq_superbpe_r64-131072,uniq_superbpe_r64,131072,stratum,flores200,mr,complete,5.952768729641694,9.77198697068404,1842,131072,204.2958939000091,dominated,"[""boundary_bpe-131072"", ""sp_unigram-32768"", ""sp_unigram-65536""]",[],0.0
sp_unigram-131072,sp_unigram,131072,stratum,flores200,mr,budget_not_reached,,,,,,not_classified_missing_condition,[],[],0.0
sp_unigram-8192,sp_unigram,8192,stratum,flores200,mr,complete,4.186712485681558,0.0,2619,8192,37.834285799995996,non_dominated,[],[],0.01
boundary_bpe-8192,boundary_bpe,8192,stratum,flores200,mr,complete,4.0076754385964914,0.0,2736,8192,53.92111880000448,dominated,"[""sp_unigram-8192""]",[],0.01
uniq_superbpe_r64-8192,uniq_superbpe_r64,8192,stratum,flores200,mr,complete,3.2421643997634537,37.07865168539326,3382,8192,157.98209089998272,dominated,"[""boundary_bpe-8192"", ""sp_unigram-8192""]",[],0.01
sp_unigram-16384,sp_unigram,16384,stratum,flores200,mr,complete,5.297101449275362,0.0,2070,16384,35.15026740002213,non_dominated,[],[],0.01
boundary_bpe-16384,boundary_bpe,16384,stratum,flores200,mr,complete,4.790301441677588,0.0,2289,16384,81.80001249999623,dominated,"[""sp_unigram-16384""]",[],0.01
uniq_superbpe_r64-16384,uniq_superbpe_r64,16384,stratum,flores200,mr,complete,4.681895815542272,21.64816396242528,2342,16384,164.34531380000408,dominated,"[""boundary_bpe-16384"", ""sp_unigram-16384""]",[],0.01
sp_unigram-32768,sp_unigram,32768,stratum,flores200,mr,complete,6.280068728522337,0.0,1746,32768,23.030076499999268,non_dominated,[],[],0.01
boundary_bpe-32768,boundary_bpe,32768,stratum,flores200,mr,complete,5.436291522062469,0.0,2017,32768,111.00910029999795,dominated,"[""sp_unigram-32768""]",[],0.01
uniq_superbpe_r64-32768,uniq_superbpe_r64,32768,stratum,flores200,mr,complete,5.264042246759481,15.698511761881901,2083,32768,177.08818469999824,dominated,"[""boundary_bpe-32768"", ""sp_unigram-16384"", ""sp_unigram-32768""]",[],0.01
sp_unigram-65536,sp_unigram,65536,stratum,flores200,mr,complete,7.418809201623816,0.0,1478,65536,12.838991500000702,non_dominated,[],[],0.01
boundary_bpe-65536,boundary_bpe,65536,stratum,flores200,mr,complete,5.76801683324566,0.0,1901,65536,110.46809020001092,dominated,"[""sp_unigram-32768"", ""sp_unigram-65536""]",[],0.01
uniq_superbpe_r64-65536,uniq_superbpe_r64,65536,stratum,flores200,mr,complete,5.789334741288279,11.721224920802534,1894,65536,164.48556890001055,dominated,"[""sp_unigram-32768"", ""sp_unigram-65536""]",[],0.01
boundary_bpe-131072,boundary_bpe,131072,stratum,flores200,mr,complete,5.975476839237057,0.0,1835,131072,146.1055148000014,dominated,"[""sp_unigram-32768"", ""sp_unigram-65536""]",[],0.01
uniq_superbpe_r64-131072,uniq_superbpe_r64,131072,stratum,flores200,mr,complete,5.952768729641694,9.77198697068404,1842,131072,204.2958939000091,dominated,"[""boundary_bpe-131072"", ""sp_unigram-32768"", ""sp_unigram-65536""]",[],0.01
sp_unigram-131072,sp_unigram,131072,stratum,flores200,mr,budget_not_reached,,,,,,not_classified_missing_condition,[],[],0.01
sp_unigram-8192,sp_unigram,8192,stratum,flores200,mr,complete,4.186712485681558,0.0,2619,8192,37.834285799995996,non_dominated,[],[],0.05
boundary_bpe-8192,boundary_bpe,8192,stratum,flores200,mr,complete,4.0076754385964914,0.0,2736,8192,53.92111880000448,dominated,"[""sp_unigram-8192""]",[],0.05
uniq_superbpe_r64-8192,uniq_superbpe_r64,8192,stratum,flores200,mr,complete,3.2421643997634537,37.07865168539326,3382,8192,157.98209089998272,dominated,"[""boundary_bpe-8192"", ""sp_unigram-8192""]",[],0.05
sp_unigram-16384,sp_unigram,16384,stratum,flores200,mr,complete,5.297101449275362,0.0,2070,16384,35.15026740002213,non_dominated,[],[],0.05
boundary_bpe-16384,boundary_bpe,16384,stratum,flores200,mr,complete,4.790301441677588,0.0,2289,16384,81.80001249999623,dominated,"[""sp_unigram-16384""]",[],0.05
uniq_superbpe_r64-16384,uniq_superbpe_r64,16384,stratum,flores200,mr,complete,4.681895815542272,21.64816396242528,2342,16384,164.34531380000408,dominated,"[""boundary_bpe-16384"", ""sp_unigram-16384""]",[],0.05
sp_unigram-32768,sp_unigram,32768,stratum,flores200,mr,complete,6.280068728522337,0.0,1746,32768,23.030076499999268,non_dominated,[],[],0.05
boundary_bpe-32768,boundary_bpe,32768,stratum,flores200,mr,complete,5.436291522062469,0.0,2017,32768,111.00910029999795,dominated,"[""sp_unigram-32768""]",[],0.05
uniq_superbpe_r64-32768,uniq_superbpe_r64,32768,stratum,flores200,mr,complete,5.264042246759481,15.698511761881901,2083,32768,177.08818469999824,dominated,"[""boundary_bpe-32768"", ""sp_unigram-16384"", ""sp_unigram-32768""]",[],0.05
sp_unigram-65536,sp_unigram,65536,stratum,flores200,mr,complete,7.418809201623816,0.0,1478,65536,12.838991500000702,non_dominated,[],[],0.05
boundary_bpe-65536,boundary_bpe,65536,stratum,flores200,mr,complete,5.76801683324566,0.0,1901,65536,110.46809020001092,dominated,"[""sp_unigram-32768"", ""sp_unigram-65536""]",[],0.05
uniq_superbpe_r64-65536,uniq_superbpe_r64,65536,stratum,flores200,mr,complete,5.789334741288279,11.721224920802534,1894,65536,164.48556890001055,dominated,"[""sp_unigram-32768"", ""sp_unigram-65536""]",[],0.05
boundary_bpe-131072,boundary_bpe,131072,stratum,flores200,mr,complete,5.975476839237057,0.0,1835,131072,146.1055148000014,dominated,"[""sp_unigram-32768"", ""sp_unigram-65536""]",[],0.05
uniq_superbpe_r64-131072,uniq_superbpe_r64,131072,stratum,flores200,mr,complete,5.952768729641694,9.77198697068404,1842,131072,204.2958939000091,dominated,"[""boundary_bpe-131072"", ""sp_unigram-32768"", ""sp_unigram-65536""]",[],0.05
sp_unigram-131072,sp_unigram,131072,stratum,flores200,mr,budget_not_reached,,,,,,not_classified_missing_condition,[],[],0.05
sp_unigram-8192,sp_unigram,8192,stratum,flores200,ru,complete,3.025296442687747,0.0,2530,8192,37.834285799995996,non_dominated,[],[],0.0
boundary_bpe-8192,boundary_bpe,8192,stratum,flores200,ru,complete,2.771180304127444,0.0,2762,8192,53.92111880000448,dominated,"[""sp_unigram-8192""]",[],0.0
uniq_superbpe_r64-8192,uniq_superbpe_r64,8192,stratum,flores200,ru,complete,3.3629173989455183,0.0,2276,8192,157.98209089998272,non_dominated,[],[],0.0
sp_unigram-16384,sp_unigram,16384,stratum,flores200,ru,complete,3.606974552309142,0.0,2122,16384,35.15026740002213,non_dominated,[],[],0.0
boundary_bpe-16384,boundary_bpe,16384,stratum,flores200,ru,complete,3.1958246346555326,0.0,2395,16384,81.80001249999623,dominated,"[""sp_unigram-16384""]",[],0.0
uniq_superbpe_r64-16384,uniq_superbpe_r64,16384,stratum,flores200,ru,complete,4.126145552560647,0.0,1855,16384,164.34531380000408,non_dominated,[],[],0.0
sp_unigram-32768,sp_unigram,32768,stratum,flores200,ru,complete,4.144017325392529,0.0,1847,32768,23.030076499999268,non_dominated,[],[],0.0
boundary_bpe-32768,boundary_bpe,32768,stratum,flores200,ru,complete,3.533702677746999,0.0,2166,32768,111.00910029999795,dominated,"[""sp_unigram-16384"", ""sp_unigram-32768""]",[],0.0
uniq_superbpe_r64-32768,uniq_superbpe_r64,32768,stratum,flores200,ru,complete,4.635978195033313,0.0,1651,32768,177.08818469999824,non_dominated,[],[],0.0
sp_unigram-65536,sp_unigram,65536,stratum,flores200,ru,complete,4.944444444444445,0.0,1548,65536,12.838991500000702,non_dominated,[],[],0.0
boundary_bpe-65536,boundary_bpe,65536,stratum,flores200,ru,complete,3.7519607843137255,0.0,2040,65536,110.46809020001092,dominated,"[""sp_unigram-32768"", ""sp_unigram-65536""]",[],0.0
uniq_superbpe_r64-65536,uniq_superbpe_r64,65536,stratum,flores200,ru,complete,5.0488126649076515,0.0,1516,65536,164.48556890001055,non_dominated,[],[],0.0
boundary_bpe-131072,boundary_bpe,131072,stratum,flores200,ru,complete,3.925128205128205,0.0,1950,131072,146.1055148000014,dominated,"[""sp_unigram-32768"", ""sp_unigram-65536""]",[],0.0
uniq_superbpe_r64-131072,uniq_superbpe_r64,131072,stratum,flores200,ru,complete,4.672771672771673,0.0,1638,131072,204.2958939000091,dominated,"[""sp_unigram-65536"", ""uniq_superbpe_r64-65536""]",[],0.0
sp_unigram-131072,sp_unigram,131072,stratum,flores200,ru,budget_not_reached,,,,,,not_classified_missing_condition,[],[],0.0
sp_unigram-8192,sp_unigram,8192,stratum,flores200,ru,complete,3.025296442687747,0.0,2530,8192,37.834285799995996,non_dominated,[],[],0.01
boundary_bpe-8192,boundary_bpe,8192,stratum,flores200,ru,complete,2.771180304127444,0.0,2762,8192,53.92111880000448,dominated,"[""sp_unigram-8192""]",[],0.01
uniq_superbpe_r64-8192,uniq_superbpe_r64,8192,stratum,flores200,ru,complete,3.3629173989455183,0.0,2276,8192,157.98209089998272,non_dominated,[],[],0.01
sp_unigram-16384,sp_unigram,16384,stratum,flores200,ru,complete,3.606974552309142,0.0,2122,16384,35.15026740002213,non_dominated,[],[],0.01
boundary_bpe-16384,boundary_bpe,16384,stratum,flores200,ru,complete,3.1958246346555326,0.0,2395,16384,81.80001249999623,dominated,"[""sp_unigram-16384""]",[],0.01
uniq_superbpe_r64-16384,uniq_superbpe_r64,16384,stratum,flores200,ru,complete,4.126145552560647,0.0,1855,16384,164.34531380000408,non_dominated,[],[],0.01
sp_unigram-32768,sp_unigram,32768,stratum,flores200,ru,complete,4.144017325392529,0.0,1847,32768,23.030076499999268,non_dominated,[],[],0.01
boundary_bpe-32768,boundary_bpe,32768,stratum,flores200,ru,complete,3.533702677746999,0.0,2166,32768,111.00910029999795,dominated,"[""sp_unigram-16384"", ""sp_unigram-32768""]",[],0.01
uniq_superbpe_r64-32768,uniq_superbpe_r64,32768,stratum,flores200,ru,complete,4.635978195033313,0.0,1651,32768,177.08818469999824,non_dominated,[],[],0.01
sp_unigram-65536,sp_unigram,65536,stratum,flores200,ru,complete,4.944444444444445,0.0,1548,65536,12.838991500000702,non_dominated,[],[],0.01
boundary_bpe-65536,boundary_bpe,65536,stratum,flores200,ru,complete,3.7519607843137255,0.0,2040,65536,110.46809020001092,dominated,"[""sp_unigram-32768"", ""sp_unigram-65536""]",[],0.01
uniq_superbpe_r64-65536,uniq_superbpe_r64,65536,stratum,flores200,ru,complete,5.0488126649076515,0.0,1516,65536,164.48556890001055,non_dominated,[],[],0.01
boundary_bpe-131072,boundary_bpe,131072,stratum,flores200,ru,complete,3.925128205128205,0.0,1950,131072,146.1055148000014,dominated,"[""sp_unigram-32768"", ""sp_unigram-65536""]",[],0.01
uniq_superbpe_r64-131072,uniq_superbpe_r64,131072,stratum,flores200,ru,complete,4.672771672771673,0.0,1638,131072,204.2958939000091,dominated,"[""sp_unigram-65536"", ""uniq_superbpe_r64-65536""]",[],0.01
sp_unigram-131072,sp_unigram,131072,stratum,flores200,ru,budget_not_reached,,,,,,not_classified_missing_condition,[],[],0.01
sp_unigram-8192,sp_unigram,8192,stratum,flores200,ru,complete,3.025296442687747,0.0,2530,8192,37.834285799995996,non_dominated,[],[],0.05
boundary_bpe-8192,boundary_bpe,8192,stratum,flores200,ru,complete,2.771180304127444,0.0,2762,8192,53.92111880000448,dominated,"[""sp_unigram-8192""]",[],0.05
uniq_superbpe_r64-8192,uniq_superbpe_r64,8192,stratum,flores200,ru,complete,3.3629173989455183,0.0,2276,8192,157.98209089998272,non_dominated,[],[],0.05
sp_unigram-16384,sp_unigram,16384,stratum,flores200,ru,complete,3.606974552309142,0.0,2122,16384,35.15026740002213,non_dominated,[],[],0.05
boundary_bpe-16384,boundary_bpe,16384,stratum,flores200,ru,complete,3.1958246346555326,0.0,2395,16384,81.80001249999623,dominated,"[""sp_unigram-16384""]",[],0.05
uniq_superbpe_r64-16384,uniq_superbpe_r64,16384,stratum,flores200,ru,complete,4.126145552560647,0.0,1855,16384,164.34531380000408,non_dominated,[],[],0.05
sp_unigram-32768,sp_unigram,32768,stratum,flores200,ru,complete,4.144017325392529,0.0,1847,32768,23.030076499999268,non_dominated,[],[],0.05
boundary_bpe-32768,boundary_bpe,32768,stratum,flores200,ru,complete,3.533702677746999,0.0,2166,32768,111.00910029999795,dominated,"[""sp_unigram-16384"", ""sp_unigram-32768""]",[],0.05
uniq_superbpe_r64-32768,uniq_superbpe_r64,32768,stratum,flores200,ru,complete,4.635978195033313,0.0,1651,32768,177.08818469999824,non_dominated,[],[],0.05
sp_unigram-65536,sp_unigram,65536,stratum,flores200,ru,complete,4.944444444444445,0.0,1548,65536,12.838991500000702,non_dominated,[],[],0.05
boundary_bpe-65536,boundary_bpe,65536,stratum,flores200,ru,complete,3.7519607843137255,0.0,2040,65536,110.46809020001092,dominated,"[""sp_unigram-32768"", ""sp_unigram-65536""]",[],0.05
uniq_superbpe_r64-65536,uniq_superbpe_r64,65536,stratum,flores200,ru,complete,5.0488126649076515,0.0,1516,65536,164.48556890001055,non_dominated,[],[],0.05
boundary_bpe-131072,boundary_bpe,131072,stratum,flores200,ru,complete,3.925128205128205,0.0,1950,131072,146.1055148000014,dominated,"[""sp_unigram-32768"", ""sp_unigram-65536""]",[],0.05
uniq_superbpe_r64-131072,uniq_superbpe_r64,131072,stratum,flores200,ru,complete,4.672771672771673,0.0,1638,131072,204.2958939000091,dominated,"[""sp_unigram-65536"", ""uniq_superbpe_r64-65536""]",[],0.05
sp_unigram-131072,sp_unigram,131072,stratum,flores200,ru,budget_not_reached,,,,,,not_classified_missing_condition,[],[],0.05
sp_unigram-8192,sp_unigram,8192,stratum,flores200,sw,complete,1.9569080408707242,0.0,2251,8192,37.834285799995996,non_dominated,[],[],0.0
boundary_bpe-8192,boundary_bpe,8192,stratum,flores200,sw,complete,1.6870930677901188,0.0,2611,8192,53.92111880000448,dominated,"[""sp_unigram-8192""]",[],0.0
uniq_superbpe_r64-8192,uniq_superbpe_r64,8192,stratum,flores200,sw,complete,2.163555992141454,0.0,2036,8192,157.98209089998272,non_dominated,[],[],0.0
sp_unigram-16384,sp_unigram,16384,stratum,flores200,sw,complete,2.405789186237029,0.0,1831,16384,35.15026740002213,non_dominated,[],[],0.0
boundary_bpe-16384,boundary_bpe,16384,stratum,flores200,sw,complete,1.906926406926407,0.0,2310,16384,81.80001249999623,dominated,"[""sp_unigram-16384"", ""sp_unigram-8192""]",[],0.0
uniq_superbpe_r64-16384,uniq_superbpe_r64,16384,stratum,flores200,sw,complete,2.3953235454051116,0.0,1839,16384,164.34531380000408,dominated,"[""sp_unigram-16384""]",[],0.0
sp_unigram-32768,sp_unigram,32768,stratum,flores200,sw,complete,2.7844500632111253,0.0,1582,32768,23.030076499999268,non_dominated,[],[],0.0
boundary_bpe-32768,boundary_bpe,32768,stratum,flores200,sw,complete,2.1167707832772704,0.0,2081,32768,111.00910029999795,dominated,"[""sp_unigram-16384"", ""sp_unigram-32768""]",[],0.0
uniq_superbpe_r64-32768,uniq_superbpe_r64,32768,stratum,flores200,sw,complete,2.6974892835272506,0.0,1633,32768,177.08818469999824,dominated,"[""sp_unigram-32768""]",[],0.0
sp_unigram-65536,sp_unigram,65536,stratum,flores200,sw,complete,3.236590742101396,0.0,1361,65536,12.838991500000702,non_dominated,[],[],0.0
boundary_bpe-65536,boundary_bpe,65536,stratum,flores200,sw,complete,2.2883116883116883,0.0,1925,65536,110.46809020001092,dominated,"[""sp_unigram-16384"", ""sp_unigram-32768"", ""sp_unigram-65536""]",[],0.0
uniq_superbpe_r64-65536,uniq_superbpe_r64,65536,stratum,flores200,sw,complete,3.0912280701754384,0.0,1425,65536,164.48556890001055,dominated,"[""sp_unigram-65536""]",[],0.0
boundary_bpe-131072,boundary_bpe,131072,stratum,flores200,sw,complete,2.3172014729089954,0.0,1901,131072,146.1055148000014,dominated,"[""sp_unigram-16384"", ""sp_unigram-32768"", ""sp_unigram-65536""]",[],0.0
uniq_superbpe_r64-131072,uniq_superbpe_r64,131072,stratum,flores200,sw,complete,3.4333593141075602,0.0,1283,131072,204.2958939000091,non_dominated,[],[],0.0
sp_unigram-131072,sp_unigram,131072,stratum,flores200,sw,budget_not_reached,,,,,,not_classified_missing_condition,[],[],0.0
sp_unigram-8192,sp_unigram,8192,stratum,flores200,sw,complete,1.9569080408707242,0.0,2251,8192,37.834285799995996,non_dominated,[],[],0.01
boundary_bpe-8192,boundary_bpe,8192,stratum,flores200,sw,complete,1.6870930677901188,0.0,2611,8192,53.92111880000448,dominated,"[""sp_unigram-8192""]",[],0.01
uniq_superbpe_r64-8192,uniq_superbpe_r64,8192,stratum,flores200,sw,complete,2.163555992141454,0.0,2036,8192,157.98209089998272,non_dominated,[],[],0.01
sp_unigram-16384,sp_unigram,16384,stratum,flores200,sw,complete,2.405789186237029,0.0,1831,16384,35.15026740002213,non_dominated,[],[],0.01
boundary_bpe-16384,boundary_bpe,16384,stratum,flores200,sw,complete,1.906926406926407,0.0,2310,16384,81.80001249999623,dominated,"[""sp_unigram-16384"", ""sp_unigram-8192""]",[],0.01
uniq_superbpe_r64-16384,uniq_superbpe_r64,16384,stratum,flores200,sw,complete,2.3953235454051116,0.0,1839,16384,164.34531380000408,dominated,"[""sp_unigram-16384""]",[],0.01
sp_unigram-32768,sp_unigram,32768,stratum,flores200,sw,complete,2.7844500632111253,0.0,1582,32768,23.030076499999268,non_dominated,[],[],0.01
boundary_bpe-32768,boundary_bpe,32768,stratum,flores200,sw,complete,2.1167707832772704,0.0,2081,32768,111.00910029999795,dominated,"[""sp_unigram-16384"", ""sp_unigram-32768""]",[],0.01
uniq_superbpe_r64-32768,uniq_superbpe_r64,32768,stratum,flores200,sw,complete,2.6974892835272506,0.0,1633,32768,177.08818469999824,dominated,"[""sp_unigram-32768""]",[],0.01
sp_unigram-65536,sp_unigram,65536,stratum,flores200,sw,complete,3.236590742101396,0.0,1361,65536,12.838991500000702,non_dominated,[],[],0.01
boundary_bpe-65536,boundary_bpe,65536,stratum,flores200,sw,complete,2.2883116883116883,0.0,1925,65536,110.46809020001092,dominated,"[""sp_unigram-16384"", ""sp_unigram-32768"", ""sp_unigram-65536""]",[],0.01
uniq_superbpe_r64-65536,uniq_superbpe_r64,65536,stratum,flores200,sw,complete,3.0912280701754384,0.0,1425,65536,164.48556890001055,dominated,"[""sp_unigram-65536""]",[],0.01
boundary_bpe-131072,boundary_bpe,131072,stratum,flores200,sw,complete,2.3172014729089954,0.0,1901,131072,146.1055148000014,dominated,"[""sp_unigram-16384"", ""sp_unigram-32768"", ""sp_unigram-65536""]",[],0.01
uniq_superbpe_r64-131072,uniq_superbpe_r64,131072,stratum,flores200,sw,complete,3.4333593141075602,0.0,1283,131072,204.2958939000091,non_dominated,[],[],0.01
sp_unigram-131072,sp_unigram,131072,stratum,flores200,sw,budget_not_reached,,,,,,not_classified_missing_condition,[],[],0.01
sp_unigram-8192,sp_unigram,8192,stratum,flores200,sw,complete,1.9569080408707242,0.0,2251,8192,37.834285799995996,non_dominated,[],[],0.05
boundary_bpe-8192,boundary_bpe,8192,stratum,flores200,sw,complete,1.6870930677901188,0.0,2611,8192,53.92111880000448,dominated,"[""sp_unigram-8192""]",[],0.05
uniq_superbpe_r64-8192,uniq_superbpe_r64,8192,stratum,flores200,sw,complete,2.163555992141454,0.0,2036,8192,157.98209089998272,non_dominated,[],[],0.05
sp_unigram-16384,sp_unigram,16384,stratum,flores200,sw,complete,2.405789186237029,0.0,1831,16384,35.15026740002213,non_dominated,[],[],0.05
boundary_bpe-16384,boundary_bpe,16384,stratum,flores200,sw,complete,1.906926406926407,0.0,2310,16384,81.80001249999623,dominated,"[""sp_unigram-16384"", ""sp_unigram-8192""]",[],0.05
uniq_superbpe_r64-16384,uniq_superbpe_r64,16384,stratum,flores200,sw,complete,2.3953235454051116,0.0,1839,16384,164.34531380000408,dominated,"[""sp_unigram-16384""]",[],0.05
sp_unigram-32768,sp_unigram,32768,stratum,flores200,sw,complete,2.7844500632111253,0.0,1582,32768,23.030076499999268,non_dominated,[],[],0.05
boundary_bpe-32768,boundary_bpe,32768,stratum,flores200,sw,complete,2.1167707832772704,0.0,2081,32768,111.00910029999795,dominated,"[""sp_unigram-16384"", ""sp_unigram-32768""]",[],0.05
uniq_superbpe_r64-32768,uniq_superbpe_r64,32768,stratum,flores200,sw,complete,2.6974892835272506,0.0,1633,32768,177.08818469999824,dominated,"[""sp_unigram-32768""]",[],0.05
sp_unigram-65536,sp_unigram,65536,stratum,flores200,sw,complete,3.236590742101396,0.0,1361,65536,12.838991500000702,non_dominated,[],[],0.05
boundary_bpe-65536,boundary_bpe,65536,stratum,flores200,sw,complete,2.2883116883116883,0.0,1925,65536,110.46809020001092,dominated,"[""sp_unigram-16384"", ""sp_unigram-32768"", ""sp_unigram-65536""]",[],0.05
uniq_superbpe_r64-65536,uniq_superbpe_r64,65536,stratum,flores200,sw,complete,3.0912280701754384,0.0,1425,65536,164.48556890001055,dominated,"[""sp_unigram-65536""]",[],0.05
boundary_bpe-131072,boundary_bpe,131072,stratum,flores200,sw,complete,2.3172014729089954,0.0,1901,131072,146.1055148000014,dominated,"[""sp_unigram-16384"", ""sp_unigram-32768"", ""sp_unigram-65536""]",[],0.05
uniq_superbpe_r64-131072,uniq_superbpe_r64,131072,stratum,flores200,sw,complete,3.4333593141075602,0.0,1283,131072,204.2958939000091,non_dominated,[],[],0.05
sp_unigram-131072,sp_unigram,131072,stratum,flores200,sw,budget_not_reached,,,,,,not_classified_missing_condition,[],[],0.05
sp_unigram-8192,sp_unigram,8192,stratum,flores200,ta,complete,4.61331819901627,0.0,2643,8192,37.834285799995996,non_dominated,[],[],0.0
boundary_bpe-8192,boundary_bpe,8192,stratum,flores200,ta,complete,4.323758865248227,0.0,2820,8192,53.92111880000448,dominated,"[""sp_unigram-8192""]",[],0.0
uniq_superbpe_r64-8192,uniq_superbpe_r64,8192,stratum,flores200,ta,complete,3.997704918032787,17.114754098360656,3050,8192,157.98209089998272,dominated,"[""boundary_bpe-8192"", ""sp_unigram-8192""]",[],0.0
sp_unigram-16384,sp_unigram,16384,stratum,flores200,ta,complete,5.502256317689531,0.0,2216,16384,35.15026740002213,non_dominated,[],[],0.0
boundary_bpe-16384,boundary_bpe,16384,stratum,flores200,ta,complete,5.26695464362851,0.0,2315,16384,81.80001249999623,dominated,"[""sp_unigram-16384""]",[],0.0
uniq_superbpe_r64-16384,uniq_superbpe_r64,16384,stratum,flores200,ta,complete,5.074074074074074,5.742821473158552,2403,16384,164.34531380000408,dominated,"[""boundary_bpe-16384"", ""sp_unigram-16384""]",[],0.0
sp_unigram-32768,sp_unigram,32768,stratum,flores200,ta,complete,6.36710182767624,0.0,1915,32768,23.030076499999268,non_dominated,[],[],0.0
boundary_bpe-32768,boundary_bpe,32768,stratum,flores200,ta,complete,5.828393881453155,0.0,2092,32768,111.00910029999795,dominated,"[""sp_unigram-32768""]",[],0.0
uniq_superbpe_r64-32768,uniq_superbpe_r64,32768,stratum,flores200,ta,complete,5.729793233082707,2.6785714285714284,2128,32768,177.08818469999824,dominated,"[""boundary_bpe-32768"", ""sp_unigram-32768""]",[],0.0
sp_unigram-65536,sp_unigram,65536,stratum,flores200,ta,complete,7.851255634256278,0.0,1553,65536,12.838991500000702,non_dominated,[],[],0.0
boundary_bpe-65536,boundary_bpe,65536,stratum,flores200,ta,complete,6.275347400926402,0.0,1943,65536,110.46809020001092,dominated,"[""sp_unigram-32768"", ""sp_unigram-65536""]",[],0.0
uniq_superbpe_r64-65536,uniq_superbpe_r64,65536,stratum,flores200,ta,complete,5.965264187866928,1.761252446183953,2044,65536,164.48556890001055,dominated,"[""boundary_bpe-65536"", ""sp_unigram-32768"", ""sp_unigram-65536""]",[],0.0
boundary_bpe-131072,boundary_bpe,131072,stratum,flores200,ta,complete,6.56243272335845,0.0,1858,131072,146.1055148000014,dominated,"[""sp_unigram-65536""]",[],0.0
uniq_superbpe_r64-131072,uniq_superbpe_r64,131072,stratum,flores200,ta,complete,6.042120911793855,0.8919722497522299,2018,131072,204.2958939000091,dominated,"[""boundary_bpe-131072"", ""boundary_bpe-65536"", ""sp_unigram-32768"", ""sp_unigram-65536""]",[],0.0
sp_unigram-131072,sp_unigram,131072,stratum,flores200,ta,budget_not_reached,,,,,,not_classified_missing_condition,[],[],0.0
sp_unigram-8192,sp_unigram,8192,stratum,flores200,ta,complete,4.61331819901627,0.0,2643,8192,37.834285799995996,non_dominated,[],[],0.01
boundary_bpe-8192,boundary_bpe,8192,stratum,flores200,ta,complete,4.323758865248227,0.0,2820,8192,53.92111880000448,dominated,"[""sp_unigram-8192""]",[],0.01
uniq_superbpe_r64-8192,uniq_superbpe_r64,8192,stratum,flores200,ta,complete,3.997704918032787,17.114754098360656,3050,8192,157.98209089998272,dominated,"[""boundary_bpe-8192"", ""sp_unigram-8192""]",[],0.01
sp_unigram-16384,sp_unigram,16384,stratum,flores200,ta,complete,5.502256317689531,0.0,2216,16384,35.15026740002213,non_dominated,[],[],0.01
boundary_bpe-16384,boundary_bpe,16384,stratum,flores200,ta,complete,5.26695464362851,0.0,2315,16384,81.80001249999623,dominated,"[""sp_unigram-16384""]",[],0.01
uniq_superbpe_r64-16384,uniq_superbpe_r64,16384,stratum,flores200,ta,complete,5.074074074074074,5.742821473158552,2403,16384,164.34531380000408,dominated,"[""boundary_bpe-16384"", ""sp_unigram-16384""]",[],0.01
sp_unigram-32768,sp_unigram,32768,stratum,flores200,ta,complete,6.36710182767624,0.0,1915,32768,23.030076499999268,non_dominated,[],[],0.01
boundary_bpe-32768,boundary_bpe,32768,stratum,flores200,ta,complete,5.828393881453155,0.0,2092,32768,111.00910029999795,dominated,"[""sp_unigram-32768""]",[],0.01
uniq_superbpe_r64-32768,uniq_superbpe_r64,32768,stratum,flores200,ta,complete,5.729793233082707,2.6785714285714284,2128,32768,177.08818469999824,dominated,"[""boundary_bpe-32768"", ""sp_unigram-32768""]",[],0.01
sp_unigram-65536,sp_unigram,65536,stratum,flores200,ta,complete,7.851255634256278,0.0,1553,65536,12.838991500000702,non_dominated,[],[],0.01
boundary_bpe-65536,boundary_bpe,65536,stratum,flores200,ta,complete,6.275347400926402,0.0,1943,65536,110.46809020001092,dominated,"[""sp_unigram-32768"", ""sp_unigram-65536""]",[],0.01
uniq_superbpe_r64-65536,uniq_superbpe_r64,65536,stratum,flores200,ta,complete,5.965264187866928,1.761252446183953,2044,65536,164.48556890001055,dominated,"[""boundary_bpe-65536"", ""sp_unigram-32768"", ""sp_unigram-65536""]",[],0.01
boundary_bpe-131072,boundary_bpe,131072,stratum,flores200,ta,complete,6.56243272335845,0.0,1858,131072,146.1055148000014,dominated,"[""sp_unigram-65536""]",[],0.01
uniq_superbpe_r64-131072,uniq_superbpe_r64,131072,stratum,flores200,ta,complete,6.042120911793855,0.8919722497522299,2018,131072,204.2958939000091,dominated,"[""boundary_bpe-131072"", ""boundary_bpe-65536"", ""sp_unigram-32768"", ""sp_unigram-65536""]",[],0.01
sp_unigram-131072,sp_unigram,131072,stratum,flores200,ta,budget_not_reached,,,,,,not_classified_missing_condition,[],[],0.01
sp_unigram-8192,sp_unigram,8192,stratum,flores200,ta,complete,4.61331819901627,0.0,2643,8192,37.834285799995996,non_dominated,[],[],0.05
boundary_bpe-8192,boundary_bpe,8192,stratum,flores200,ta,complete,4.323758865248227,0.0,2820,8192,53.92111880000448,dominated,"[""sp_unigram-8192""]",[],0.05
uniq_superbpe_r64-8192,uniq_superbpe_r64,8192,stratum,flores200,ta,complete,3.997704918032787,17.114754098360656,3050,8192,157.98209089998272,dominated,"[""boundary_bpe-8192"", ""sp_unigram-8192""]",[],0.05
sp_unigram-16384,sp_unigram,16384,stratum,flores200,ta,complete,5.502256317689531,0.0,2216,16384,35.15026740002213,non_dominated,[],[],0.05
boundary_bpe-16384,boundary_bpe,16384,stratum,flores200,ta,complete,5.26695464362851,0.0,2315,16384,81.80001249999623,dominated,"[""sp_unigram-16384""]",[],0.05
uniq_superbpe_r64-16384,uniq_superbpe_r64,16384,stratum,flores200,ta,complete,5.074074074074074,5.742821473158552,2403,16384,164.34531380000408,dominated,"[""boundary_bpe-16384"", ""sp_unigram-16384""]",[],0.05
sp_unigram-32768,sp_unigram,32768,stratum,flores200,ta,complete,6.36710182767624,0.0,1915,32768,23.030076499999268,non_dominated,[],[],0.05
boundary_bpe-32768,boundary_bpe,32768,stratum,flores200,ta,complete,5.828393881453155,0.0,2092,32768,111.00910029999795,dominated,"[""sp_unigram-32768""]",[],0.05
uniq_superbpe_r64-32768,uniq_superbpe_r64,32768,stratum,flores200,ta,complete,5.729793233082707,2.6785714285714284,2128,32768,177.08818469999824,dominated,"[""boundary_bpe-32768"", ""sp_unigram-32768""]",[],0.05
sp_unigram-65536,sp_unigram,65536,stratum,flores200,ta,complete,7.851255634256278,0.0,1553,65536,12.838991500000702,non_dominated,[],[],0.05
boundary_bpe-65536,boundary_bpe,65536,stratum,flores200,ta,complete,6.275347400926402,0.0,1943,65536,110.46809020001092,dominated,"[""sp_unigram-32768"", ""sp_unigram-65536""]",[],0.05
uniq_superbpe_r64-65536,uniq_superbpe_r64,65536,stratum,flores200,ta,complete,5.965264187866928,1.761252446183953,2044,65536,164.48556890001055,dominated,"[""boundary_bpe-65536"", ""sp_unigram-32768"", ""sp_unigram-65536""]",[],0.05
boundary_bpe-131072,boundary_bpe,131072,stratum,flores200,ta,complete,6.56243272335845,0.0,1858,131072,146.1055148000014,dominated,"[""sp_unigram-65536""]",[],0.05
uniq_superbpe_r64-131072,uniq_superbpe_r64,131072,stratum,flores200,ta,complete,6.042120911793855,0.8919722497522299,2018,131072,204.2958939000091,dominated,"[""boundary_bpe-131072"", ""boundary_bpe-65536"", ""sp_unigram-32768"", ""sp_unigram-65536""]",[],0.05
sp_unigram-131072,sp_unigram,131072,stratum,flores200,ta,budget_not_reached,,,,,,not_classified_missing_condition,[],[],0.05
sp_unigram-8192,sp_unigram,8192,stratum,flores200,te,complete,4.040760869565218,0.0,2576,8192,37.834285799995996,non_dominated,[],[],0.0
boundary_bpe-8192,boundary_bpe,8192,stratum,flores200,te,complete,3.9072822822822824,0.0,2664,8192,53.92111880000448,dominated,"[""sp_unigram-8192""]",[],0.0
uniq_superbpe_r64-8192,uniq_superbpe_r64,8192,stratum,flores200,te,complete,3.3609945108169197,29.544720697449144,3097,8192,157.98209089998272,dominated,"[""boundary_bpe-8192"", ""sp_unigram-8192""]",[],0.0
sp_unigram-16384,sp_unigram,16384,stratum,flores200,te,complete,4.966125954198473,0.0,2096,16384,35.15026740002213,non_dominated,[],[],0.0
boundary_bpe-16384,boundary_bpe,16384,stratum,flores200,te,complete,4.6887387387387385,0.0,2220,16384,81.80001249999623,dominated,"[""sp_unigram-16384""]",[],0.0
uniq_superbpe_r64-16384,uniq_superbpe_r64,16384,stratum,flores200,te,complete,4.671903052064632,14.272890484739676,2228,16384,164.34531380000408,dominated,"[""boundary_bpe-16384"", ""sp_unigram-16384""]",[],0.0
sp_unigram-32768,sp_unigram,32768,stratum,flores200,te,complete,5.611320754716981,0.0,1855,32768,23.030076499999268,non_dominated,[],[],0.0
boundary_bpe-32768,boundary_bpe,32768,stratum,flores200,te,complete,5.173459244532803,0.0,2012,32768,111.00910029999795,dominated,"[""sp_unigram-32768""]",[],0.0
uniq_superbpe_r64-32768,uniq_superbpe_r64,32768,stratum,flores200,te,complete,5.404465212876428,8.09968847352025,1926,32768,177.08818469999824,dominated,"[""sp_unigram-32768""]",[],0.0
sp_unigram-65536,sp_unigram,65536,stratum,flores200,te,complete,6.848026315789474,0.0,1520,65536,12.838991500000702,non_dominated,[],[],0.0
boundary_bpe-65536,boundary_bpe,65536,stratum,flores200,te,complete,5.554429028815369,0.0,1874,65536,110.46809020001092,dominated,"[""sp_unigram-32768"", ""sp_unigram-65536""]",[],0.0
uniq_superbpe_r64-65536,uniq_superbpe_r64,65536,stratum,flores200,te,complete,6.076474022183304,5.078809106830122,1713,65536,164.48556890001055,dominated,"[""sp_unigram-65536""]",[],0.0
boundary_bpe-131072,boundary_bpe,131072,stratum,flores200,te,complete,5.811836962590731,0.0,1791,131072,146.1055148000014,dominated,"[""sp_unigram-65536""]",[],0.0
uniq_superbpe_r64-131072,uniq_superbpe_r64,131072,stratum,flores200,te,complete,6.151891252955083,4.609929078014185,1692,131072,204.2958939000091,dominated,"[""sp_unigram-65536""]",[],0.0
sp_unigram-131072,sp_unigram,131072,stratum,flores200,te,budget_not_reached,,,,,,not_classified_missing_condition,[],[],0.0
sp_unigram-8192,sp_unigram,8192,stratum,flores200,te,complete,4.040760869565218,0.0,2576,8192,37.834285799995996,non_dominated,[],[],0.01
boundary_bpe-8192,boundary_bpe,8192,stratum,flores200,te,complete,3.9072822822822824,0.0,2664,8192,53.92111880000448,dominated,"[""sp_unigram-8192""]",[],0.01
uniq_superbpe_r64-8192,uniq_superbpe_r64,8192,stratum,flores200,te,complete,3.3609945108169197,29.544720697449144,3097,8192,157.98209089998272,dominated,"[""boundary_bpe-8192"", ""sp_unigram-8192""]",[],0.01
sp_unigram-16384,sp_unigram,16384,stratum,flores200,te,complete,4.966125954198473,0.0,2096,16384,35.15026740002213,non_dominated,[],[],0.01
boundary_bpe-16384,boundary_bpe,16384,stratum,flores200,te,complete,4.6887387387387385,0.0,2220,16384,81.80001249999623,dominated,"[""sp_unigram-16384""]",[],0.01
uniq_superbpe_r64-16384,uniq_superbpe_r64,16384,stratum,flores200,te,complete,4.671903052064632,14.272890484739676,2228,16384,164.34531380000408,dominated,"[""boundary_bpe-16384"", ""sp_unigram-16384""]",[],0.01
sp_unigram-32768,sp_unigram,32768,stratum,flores200,te,complete,5.611320754716981,0.0,1855,32768,23.030076499999268,non_dominated,[],[],0.01
boundary_bpe-32768,boundary_bpe,32768,stratum,flores200,te,complete,5.173459244532803,0.0,2012,32768,111.00910029999795,dominated,"[""sp_unigram-32768""]",[],0.01
uniq_superbpe_r64-32768,uniq_superbpe_r64,32768,stratum,flores200,te,complete,5.404465212876428,8.09968847352025,1926,32768,177.08818469999824,dominated,"[""sp_unigram-32768""]",[],0.01
sp_unigram-65536,sp_unigram,65536,stratum,flores200,te,complete,6.848026315789474,0.0,1520,65536,12.838991500000702,non_dominated,[],[],0.01
boundary_bpe-65536,boundary_bpe,65536,stratum,flores200,te,complete,5.554429028815369,0.0,1874,65536,110.46809020001092,dominated,"[""sp_unigram-32768"", ""sp_unigram-65536""]",[],0.01
uniq_superbpe_r64-65536,uniq_superbpe_r64,65536,stratum,flores200,te,complete,6.076474022183304,5.078809106830122,1713,65536,164.48556890001055,dominated,"[""sp_unigram-65536""]",[],0.01
boundary_bpe-131072,boundary_bpe,131072,stratum,flores200,te,complete,5.811836962590731,0.0,1791,131072,146.1055148000014,dominated,"[""sp_unigram-65536""]",[],0.01
uniq_superbpe_r64-131072,uniq_superbpe_r64,131072,stratum,flores200,te,complete,6.151891252955083,4.609929078014185,1692,131072,204.2958939000091,dominated,"[""sp_unigram-65536""]",[],0.01
sp_unigram-131072,sp_unigram,131072,stratum,flores200,te,budget_not_reached,,,,,,not_classified_missing_condition,[],[],0.01
sp_unigram-8192,sp_unigram,8192,stratum,flores200,te,complete,4.040760869565218,0.0,2576,8192,37.834285799995996,non_dominated,[],[],0.05
boundary_bpe-8192,boundary_bpe,8192,stratum,flores200,te,complete,3.9072822822822824,0.0,2664,8192,53.92111880000448,dominated,"[""sp_unigram-8192""]",[],0.05
uniq_superbpe_r64-8192,uniq_superbpe_r64,8192,stratum,flores200,te,complete,3.3609945108169197,29.544720697449144,3097,8192,157.98209089998272,dominated,"[""boundary_bpe-8192"", ""sp_unigram-8192""]",[],0.05
sp_unigram-16384,sp_unigram,16384,stratum,flores200,te,complete,4.966125954198473,0.0,2096,16384,35.15026740002213,non_dominated,[],[],0.05
boundary_bpe-16384,boundary_bpe,16384,stratum,flores200,te,complete,4.6887387387387385,0.0,2220,16384,81.80001249999623,dominated,"[""sp_unigram-16384""]",[],0.05
uniq_superbpe_r64-16384,uniq_superbpe_r64,16384,stratum,flores200,te,complete,4.671903052064632,14.272890484739676,2228,16384,164.34531380000408,dominated,"[""boundary_bpe-16384"", ""sp_unigram-16384""]",[],0.05
sp_unigram-32768,sp_unigram,32768,stratum,flores200,te,complete,5.611320754716981,0.0,1855,32768,23.030076499999268,non_dominated,[],[],0.05
boundary_bpe-32768,boundary_bpe,32768,stratum,flores200,te,complete,5.173459244532803,0.0,2012,32768,111.00910029999795,dominated,"[""sp_unigram-32768""]",[],0.05
uniq_superbpe_r64-32768,uniq_superbpe_r64,32768,stratum,flores200,te,complete,5.404465212876428,8.09968847352025,1926,32768,177.08818469999824,dominated,"[""sp_unigram-32768""]",[],0.05
sp_unigram-65536,sp_unigram,65536,stratum,flores200,te,complete,6.848026315789474,0.0,1520,65536,12.838991500000702,non_dominated,[],[],0.05
boundary_bpe-65536,boundary_bpe,65536,stratum,flores200,te,complete,5.554429028815369,0.0,1874,65536,110.46809020001092,dominated,"[""sp_unigram-32768"", ""sp_unigram-65536""]",[],0.05
uniq_superbpe_r64-65536,uniq_superbpe_r64,65536,stratum,flores200,te,complete,6.076474022183304,5.078809106830122,1713,65536,164.48556890001055,dominated,"[""sp_unigram-65536""]",[],0.05
boundary_bpe-131072,boundary_bpe,131072,stratum,flores200,te,complete,5.811836962590731,0.0,1791,131072,146.1055148000014,dominated,"[""sp_unigram-65536""]",[],0.05
uniq_superbpe_r64-131072,uniq_superbpe_r64,131072,stratum,flores200,te,complete,6.151891252955083,4.609929078014185,1692,131072,204.2958939000091,dominated,"[""sp_unigram-65536""]",[],0.05
sp_unigram-131072,sp_unigram,131072,stratum,flores200,te,budget_not_reached,,,,,,not_classified_missing_condition,[],[],0.05
sp_unigram-8192,sp_unigram,8192,stratum,flores200,uk,complete,2.9384372533543806,0.0,2534,8192,37.834285799995996,non_dominated,[],[],0.0
boundary_bpe-8192,boundary_bpe,8192,stratum,flores200,uk,complete,2.739514348785872,0.0,2718,8192,53.92111880000448,dominated,"[""sp_unigram-8192""]",[],0.0
uniq_superbpe_r64-8192,uniq_superbpe_r64,8192,stratum,flores200,uk,complete,3.333034914950761,0.0,2234,8192,157.98209089998272,non_dominated,[],[],0.0
sp_unigram-16384,sp_unigram,16384,stratum,flores200,uk,complete,3.4155963302752292,0.0,2180,16384,35.15026740002213,non_dominated,[],[],0.0
boundary_bpe-16384,boundary_bpe,16384,stratum,flores200,uk,complete,3.1285714285714286,0.0,2380,16384,81.80001249999623,dominated,"[""sp_unigram-16384""]",[],0.0
uniq_superbpe_r64-16384,uniq_superbpe_r64,16384,stratum,flores200,uk,complete,3.9606382978723405,0.0,1880,16384,164.34531380000408,non_dominated,[],[],0.0
sp_unigram-32768,sp_unigram,32768,stratum,flores200,uk,complete,3.9775641025641026,0.0,1872,32768,23.030076499999268,non_dominated,[],[],0.0
boundary_bpe-32768,boundary_bpe,32768,stratum,flores200,uk,complete,3.4875878220140515,0.0,2135,32768,111.00910029999795,dominated,"[""sp_unigram-32768""]",[],0.0
uniq_superbpe_r64-32768,uniq_superbpe_r64,32768,stratum,flores200,uk,complete,4.4613541042540446,0.0,1669,32768,177.08818469999824,non_dominated,[],[],0.0
sp_unigram-65536,sp_unigram,65536,stratum,flores200,uk,complete,4.745697896749522,0.0,1569,65536,12.838991500000702,non_dominated,[],[],0.0
boundary_bpe-65536,boundary_bpe,65536,stratum,flores200,uk,complete,3.6734089787863837,0.0,2027,65536,110.46809020001092,dominated,"[""sp_unigram-32768"", ""sp_unigram-65536""]",[],0.0
uniq_superbpe_r64-65536,uniq_superbpe_r64,65536,stratum,flores200,uk,complete,4.914851485148515,0.0,1515,65536,164.48556890001055,non_dominated,[],[],0.0
boundary_bpe-131072,boundary_bpe,131072,stratum,flores200,uk,complete,3.834191555097837,0.0,1942,131072,146.1055148000014,dominated,"[""sp_unigram-32768"", ""sp_unigram-65536""]",[],0.0
uniq_superbpe_r64-131072,uniq_superbpe_r64,131072,stratum,flores200,uk,complete,4.71564281190627,0.0,1579,131072,204.2958939000091,dominated,"[""sp_unigram-65536"", ""uniq_superbpe_r64-65536""]",[],0.0
sp_unigram-131072,sp_unigram,131072,stratum,flores200,uk,budget_not_reached,,,,,,not_classified_missing_condition,[],[],0.0
sp_unigram-8192,sp_unigram,8192,stratum,flores200,uk,complete,2.9384372533543806,0.0,2534,8192,37.834285799995996,non_dominated,[],[],0.01
boundary_bpe-8192,boundary_bpe,8192,stratum,flores200,uk,complete,2.739514348785872,0.0,2718,8192,53.92111880000448,dominated,"[""sp_unigram-8192""]",[],0.01
uniq_superbpe_r64-8192,uniq_superbpe_r64,8192,stratum,flores200,uk,complete,3.333034914950761,0.0,2234,8192,157.98209089998272,non_dominated,[],[],0.01
sp_unigram-16384,sp_unigram,16384,stratum,flores200,uk,complete,3.4155963302752292,0.0,2180,16384,35.15026740002213,non_dominated,[],[],0.01
boundary_bpe-16384,boundary_bpe,16384,stratum,flores200,uk,complete,3.1285714285714286,0.0,2380,16384,81.80001249999623,dominated,"[""sp_unigram-16384""]",[],0.01
uniq_superbpe_r64-16384,uniq_superbpe_r64,16384,stratum,flores200,uk,complete,3.9606382978723405,0.0,1880,16384,164.34531380000408,non_dominated,[],[],0.01
sp_unigram-32768,sp_unigram,32768,stratum,flores200,uk,complete,3.9775641025641026,0.0,1872,32768,23.030076499999268,non_dominated,[],[],0.01
boundary_bpe-32768,boundary_bpe,32768,stratum,flores200,uk,complete,3.4875878220140515,0.0,2135,32768,111.00910029999795,dominated,"[""sp_unigram-32768""]",[],0.01
uniq_superbpe_r64-32768,uniq_superbpe_r64,32768,stratum,flores200,uk,complete,4.4613541042540446,0.0,1669,32768,177.08818469999824,non_dominated,[],[],0.01
sp_unigram-65536,sp_unigram,65536,stratum,flores200,uk,complete,4.745697896749522,0.0,1569,65536,12.838991500000702,non_dominated,[],[],0.01
boundary_bpe-65536,boundary_bpe,65536,stratum,flores200,uk,complete,3.6734089787863837,0.0,2027,65536,110.46809020001092,dominated,"[""sp_unigram-32768"", ""sp_unigram-65536""]",[],0.01
uniq_superbpe_r64-65536,uniq_superbpe_r64,65536,stratum,flores200,uk,complete,4.914851485148515,0.0,1515,65536,164.48556890001055,non_dominated,[],[],0.01
boundary_bpe-131072,boundary_bpe,131072,stratum,flores200,uk,complete,3.834191555097837,0.0,1942,131072,146.1055148000014,dominated,"[""sp_unigram-32768"", ""sp_unigram-65536""]",[],0.01
uniq_superbpe_r64-131072,uniq_superbpe_r64,131072,stratum,flores200,uk,complete,4.71564281190627,0.0,1579,131072,204.2958939000091,dominated,"[""sp_unigram-65536"", ""uniq_superbpe_r64-65536""]",[],0.01
sp_unigram-131072,sp_unigram,131072,stratum,flores200,uk,budget_not_reached,,,,,,not_classified_missing_condition,[],[],0.01
sp_unigram-8192,sp_unigram,8192,stratum,flores200,uk,complete,2.9384372533543806,0.0,2534,8192,37.834285799995996,non_dominated,[],[],0.05
boundary_bpe-8192,boundary_bpe,8192,stratum,flores200,uk,complete,2.739514348785872,0.0,2718,8192,53.92111880000448,dominated,"[""sp_unigram-8192""]",[],0.05
uniq_superbpe_r64-8192,uniq_superbpe_r64,8192,stratum,flores200,uk,complete,3.333034914950761,0.0,2234,8192,157.98209089998272,non_dominated,[],[],0.05
sp_unigram-16384,sp_unigram,16384,stratum,flores200,uk,complete,3.4155963302752292,0.0,2180,16384,35.15026740002213,non_dominated,[],[],0.05
boundary_bpe-16384,boundary_bpe,16384,stratum,flores200,uk,complete,3.1285714285714286,0.0,2380,16384,81.80001249999623,dominated,"[""sp_unigram-16384""]",[],0.05
uniq_superbpe_r64-16384,uniq_superbpe_r64,16384,stratum,flores200,uk,complete,3.9606382978723405,0.0,1880,16384,164.34531380000408,non_dominated,[],[],0.05
sp_unigram-32768,sp_unigram,32768,stratum,flores200,uk,complete,3.9775641025641026,0.0,1872,32768,23.030076499999268,non_dominated,[],[],0.05
boundary_bpe-32768,boundary_bpe,32768,stratum,flores200,uk,complete,3.4875878220140515,0.0,2135,32768,111.00910029999795,dominated,"[""sp_unigram-32768""]",[],0.05
uniq_superbpe_r64-32768,uniq_superbpe_r64,32768,stratum,flores200,uk,complete,4.4613541042540446,0.0,1669,32768,177.08818469999824,non_dominated,[],[],0.05
sp_unigram-65536,sp_unigram,65536,stratum,flores200,uk,complete,4.745697896749522,0.0,1569,65536,12.838991500000702,non_dominated,[],[],0.05
boundary_bpe-65536,boundary_bpe,65536,stratum,flores200,uk,complete,3.6734089787863837,0.0,2027,65536,110.46809020001092,dominated,"[""sp_unigram-32768"", ""sp_unigram-65536""]",[],0.05
uniq_superbpe_r64-65536,uniq_superbpe_r64,65536,stratum,flores200,uk,complete,4.914851485148515,0.0,1515,65536,164.48556890001055,non_dominated,[],[],0.05
boundary_bpe-131072,boundary_bpe,131072,stratum,flores200,uk,complete,3.834191555097837,0.0,1942,131072,146.1055148000014,dominated,"[""sp_unigram-32768"", ""sp_unigram-65536""]",[],0.05
uniq_superbpe_r64-131072,uniq_superbpe_r64,131072,stratum,flores200,uk,complete,4.71564281190627,0.0,1579,131072,204.2958939000091,dominated,"[""sp_unigram-65536"", ""uniq_superbpe_r64-65536""]",[],0.05
sp_unigram-131072,sp_unigram,131072,stratum,flores200,uk,budget_not_reached,,,,,,not_classified_missing_condition,[],[],0.05
sp_unigram-8192,sp_unigram,8192,stratum,flores200,ur,complete,2.9856770833333335,0.0,2304,8192,37.834285799995996,non_dominated,[],[],0.0
boundary_bpe-8192,boundary_bpe,8192,stratum,flores200,ur,complete,2.5078381334305506,0.0,2743,8192,53.92111880000448,dominated,"[""sp_unigram-8192""]",[],0.0
uniq_superbpe_r64-8192,uniq_superbpe_r64,8192,stratum,flores200,ur,complete,3.3215837759536457,0.48285852245292127,2071,8192,157.98209089998272,non_dominated,[],[],0.0
sp_unigram-16384,sp_unigram,16384,stratum,flores200,ur,complete,3.5258841619682215,0.0,1951,16384,35.15026740002213,non_dominated,[],[],0.0
boundary_bpe-16384,boundary_bpe,16384,stratum,flores200,ur,complete,2.8169533169533167,0.0,2442,16384,81.80001249999623,dominated,"[""sp_unigram-16384"", ""sp_unigram-8192""]",[],0.0
uniq_superbpe_r64-16384,uniq_superbpe_r64,16384,stratum,flores200,ur,complete,4.174150485436893,0.6067961165048543,1648,16384,164.34531380000408,non_dominated,[],[],0.0
sp_unigram-32768,sp_unigram,32768,stratum,flores200,ur,complete,4.156495468277946,0.0,1655,32768,23.030076499999268,non_dominated,[],[],0.0
boundary_bpe-32768,boundary_bpe,32768,stratum,flores200,ur,complete,3.068242640499554,0.0,2242,32768,111.00910029999795,dominated,"[""sp_unigram-16384"", ""sp_unigram-32768""]",[],0.0
uniq_superbpe_r64-32768,uniq_superbpe_r64,32768,stratum,flores200,ur,complete,4.7181069958847734,0.6858710562414266,1458,32768,177.08818469999824,non_dominated,[],[],0.0
sp_unigram-65536,sp_unigram,65536,stratum,flores200,ur,complete,4.750690607734807,0.0,1448,65536,12.838991500000702,non_dominated,[],[],0.0
boundary_bpe-65536,boundary_bpe,65536,stratum,flores200,ur,complete,3.2417530631479736,0.0,2122,65536,110.46809020001092,dominated,"[""sp_unigram-16384"", ""sp_unigram-32768"", ""sp_unigram-65536""]",[],0.0
uniq_superbpe_r64-65536,uniq_superbpe_r64,65536,stratum,flores200,ur,complete,5.024835646457268,0.7304601899196493,1369,65536,164.48556890001055,non_dominated,[],[],0.0
boundary_bpe-131072,boundary_bpe,131072,stratum,flores200,ur,complete,3.3539736713798147,0.0,2051,131072,146.1055148000014,dominated,"[""sp_unigram-16384"", ""sp_unigram-32768"", ""sp_unigram-65536""]",[],0.0
uniq_superbpe_r64-131072,uniq_superbpe_r64,131072,stratum,flores200,ur,complete,4.607501674480911,0.535833891493637,1493,131072,204.2958939000091,dominated,"[""sp_unigram-65536""]",[],0.0
sp_unigram-131072,sp_unigram,131072,stratum,flores200,ur,budget_not_reached,,,,,,not_classified_missing_condition,[],[],0.0
sp_unigram-8192,sp_unigram,8192,stratum,flores200,ur,complete,2.9856770833333335,0.0,2304,8192,37.834285799995996,non_dominated,[],[],0.01
boundary_bpe-8192,boundary_bpe,8192,stratum,flores200,ur,complete,2.5078381334305506,0.0,2743,8192,53.92111880000448,dominated,"[""sp_unigram-8192""]",[],0.01
uniq_superbpe_r64-8192,uniq_superbpe_r64,8192,stratum,flores200,ur,complete,3.3215837759536457,0.48285852245292127,2071,8192,157.98209089998272,non_dominated,[],[],0.01
sp_unigram-16384,sp_unigram,16384,stratum,flores200,ur,complete,3.5258841619682215,0.0,1951,16384,35.15026740002213,non_dominated,[],[],0.01
boundary_bpe-16384,boundary_bpe,16384,stratum,flores200,ur,complete,2.8169533169533167,0.0,2442,16384,81.80001249999623,dominated,"[""sp_unigram-16384"", ""sp_unigram-8192""]",[],0.01
uniq_superbpe_r64-16384,uniq_superbpe_r64,16384,stratum,flores200,ur,complete,4.174150485436893,0.6067961165048543,1648,16384,164.34531380000408,non_dominated,[],[],0.01
sp_unigram-32768,sp_unigram,32768,stratum,flores200,ur,complete,4.156495468277946,0.0,1655,32768,23.030076499999268,non_dominated,[],[],0.01
boundary_bpe-32768,boundary_bpe,32768,stratum,flores200,ur,complete,3.068242640499554,0.0,2242,32768,111.00910029999795,dominated,"[""sp_unigram-16384"", ""sp_unigram-32768""]",[],0.01
uniq_superbpe_r64-32768,uniq_superbpe_r64,32768,stratum,flores200,ur,complete,4.7181069958847734,0.6858710562414266,1458,32768,177.08818469999824,non_dominated,[],[],0.01
sp_unigram-65536,sp_unigram,65536,stratum,flores200,ur,complete,4.750690607734807,0.0,1448,65536,12.838991500000702,non_dominated,[],[],0.01
boundary_bpe-65536,boundary_bpe,65536,stratum,flores200,ur,complete,3.2417530631479736,0.0,2122,65536,110.46809020001092,dominated,"[""sp_unigram-16384"", ""sp_unigram-32768"", ""sp_unigram-65536""]",[],0.01
uniq_superbpe_r64-65536,uniq_superbpe_r64,65536,stratum,flores200,ur,complete,5.024835646457268,0.7304601899196493,1369,65536,164.48556890001055,non_dominated,[],[],0.01
boundary_bpe-131072,boundary_bpe,131072,stratum,flores200,ur,complete,3.3539736713798147,0.0,2051,131072,146.1055148000014,dominated,"[""sp_unigram-16384"", ""sp_unigram-32768"", ""sp_unigram-65536""]",[],0.01
uniq_superbpe_r64-131072,uniq_superbpe_r64,131072,stratum,flores200,ur,complete,4.607501674480911,0.535833891493637,1493,131072,204.2958939000091,dominated,"[""sp_unigram-65536""]",[],0.01
sp_unigram-131072,sp_unigram,131072,stratum,flores200,ur,budget_not_reached,,,,,,not_classified_missing_condition,[],[],0.01
sp_unigram-8192,sp_unigram,8192,stratum,flores200,ur,complete,2.9856770833333335,0.0,2304,8192,37.834285799995996,non_dominated,[],[],0.05
boundary_bpe-8192,boundary_bpe,8192,stratum,flores200,ur,complete,2.5078381334305506,0.0,2743,8192,53.92111880000448,dominated,"[""sp_unigram-8192""]",[],0.05
uniq_superbpe_r64-8192,uniq_superbpe_r64,8192,stratum,flores200,ur,complete,3.3215837759536457,0.48285852245292127,2071,8192,157.98209089998272,non_dominated,[],[],0.05
sp_unigram-16384,sp_unigram,16384,stratum,flores200,ur,complete,3.5258841619682215,0.0,1951,16384,35.15026740002213,non_dominated,[],[],0.05
boundary_bpe-16384,boundary_bpe,16384,stratum,flores200,ur,complete,2.8169533169533167,0.0,2442,16384,81.80001249999623,dominated,"[""sp_unigram-16384"", ""sp_unigram-8192""]",[],0.05
uniq_superbpe_r64-16384,uniq_superbpe_r64,16384,stratum,flores200,ur,complete,4.174150485436893,0.6067961165048543,1648,16384,164.34531380000408,non_dominated,[],[],0.05
sp_unigram-32768,sp_unigram,32768,stratum,flores200,ur,complete,4.156495468277946,0.0,1655,32768,23.030076499999268,non_dominated,[],[],0.05
boundary_bpe-32768,boundary_bpe,32768,stratum,flores200,ur,complete,3.068242640499554,0.0,2242,32768,111.00910029999795,dominated,"[""sp_unigram-16384"", ""sp_unigram-32768""]",[],0.05
uniq_superbpe_r64-32768,uniq_superbpe_r64,32768,stratum,flores200,ur,complete,4.7181069958847734,0.6858710562414266,1458,32768,177.08818469999824,non_dominated,[],[],0.05
sp_unigram-65536,sp_unigram,65536,stratum,flores200,ur,complete,4.750690607734807,0.0,1448,65536,12.838991500000702,non_dominated,[],[],0.05
boundary_bpe-65536,boundary_bpe,65536,stratum,flores200,ur,complete,3.2417530631479736,0.0,2122,65536,110.46809020001092,dominated,"[""sp_unigram-16384"", ""sp_unigram-32768"", ""sp_unigram-65536""]",[],0.05
uniq_superbpe_r64-65536,uniq_superbpe_r64,65536,stratum,flores200,ur,complete,5.024835646457268,0.7304601899196493,1369,65536,164.48556890001055,non_dominated,[],[],0.05
boundary_bpe-131072,boundary_bpe,131072,stratum,flores200,ur,complete,3.3539736713798147,0.0,2051,131072,146.1055148000014,dominated,"[""sp_unigram-16384"", ""sp_unigram-32768"", ""sp_unigram-65536""]",[],0.05
uniq_superbpe_r64-131072,uniq_superbpe_r64,131072,stratum,flores200,ur,complete,4.607501674480911,0.535833891493637,1493,131072,204.2958939000091,dominated,"[""sp_unigram-65536""]",[],0.05
sp_unigram-131072,sp_unigram,131072,stratum,flores200,ur,budget_not_reached,,,,,,not_classified_missing_condition,[],[],0.05
sp_unigram-8192,sp_unigram,8192,stratum,flores200,yo,complete,1.7537235885001732,0.27710426047800485,2887,8192,37.834285799995996,non_dominated,[],[],0.0
boundary_bpe-8192,boundary_bpe,8192,stratum,flores200,yo,complete,1.66,0.26229508196721313,3050,8192,53.92111880000448,non_dominated,[],[],0.0
uniq_superbpe_r64-8192,uniq_superbpe_r64,8192,stratum,flores200,yo,complete,1.7877824858757063,10.310734463276836,2832,8192,157.98209089998272,non_dominated,[],[],0.0
sp_unigram-16384,sp_unigram,16384,stratum,flores200,yo,complete,2.0139220365950674,0.31821797931583135,2514,16384,35.15026740002213,non_dominated,[],[],0.0
boundary_bpe-16384,boundary_bpe,16384,stratum,flores200,yo,complete,1.83841684822077,0.29048656499636893,2754,16384,81.80001249999623,non_dominated,[],[],0.0
uniq_superbpe_r64-16384,uniq_superbpe_r64,16384,stratum,flores200,yo,complete,2.0818256578947367,0.41118421052631576,2432,16384,164.34531380000408,non_dominated,[],[],0.0
sp_unigram-32768,sp_unigram,32768,stratum,flores200,yo,complete,2.2552338530066813,0.35634743875278396,2245,32768,23.030076499999268,non_dominated,[],[],0.0
boundary_bpe-32768,boundary_bpe,32768,stratum,flores200,yo,complete,1.977734375,0.3125,2560,32768,111.00910029999795,non_dominated,[],[],0.0
uniq_superbpe_r64-32768,uniq_superbpe_r64,32768,stratum,flores200,yo,complete,2.1590618336886993,0.42643923240938164,2345,32768,177.08818469999824,dominated,"[""sp_unigram-32768""]",[],0.0
sp_unigram-65536,sp_unigram,65536,stratum,flores200,yo,complete,2.600410888546482,0.4108885464817668,1947,65536,12.838991500000702,non_dominated,[],[],0.0
boundary_bpe-65536,boundary_bpe,65536,stratum,flores200,yo,complete,2.112223612849395,0.3337505214851898,2397,65536,110.46809020001092,non_dominated,[],[],0.0
uniq_superbpe_r64-65536,uniq_superbpe_r64,65536,stratum,flores200,yo,complete,2.373652133145804,0.46882325363338023,2133,65536,164.48556890001055,dominated,"[""sp_unigram-65536""]",[],0.0
boundary_bpe-131072,boundary_bpe,131072,stratum,flores200,yo,complete,2.14715860899067,0.33927056827820185,2358,131072,146.1055148000014,non_dominated,[],[],0.0
uniq_superbpe_r64-131072,uniq_superbpe_r64,131072,stratum,flores200,yo,complete,2.5251870324189527,0.49875311720698257,2005,131072,204.2958939000091,dominated,"[""sp_unigram-65536""]",[],0.0
sp_unigram-131072,sp_unigram,131072,stratum,flores200,yo,budget_not_reached,,,,,,not_classified_missing_condition,[],[],0.0
sp_unigram-8192,sp_unigram,8192,stratum,flores200,yo,complete,1.7537235885001732,0.27710426047800485,2887,8192,37.834285799995996,non_dominated,[],[],0.01
boundary_bpe-8192,boundary_bpe,8192,stratum,flores200,yo,complete,1.66,0.26229508196721313,3050,8192,53.92111880000448,non_dominated,[],[],0.01
uniq_superbpe_r64-8192,uniq_superbpe_r64,8192,stratum,flores200,yo,complete,1.7877824858757063,10.310734463276836,2832,8192,157.98209089998272,non_dominated,[],[],0.01
sp_unigram-16384,sp_unigram,16384,stratum,flores200,yo,complete,2.0139220365950674,0.31821797931583135,2514,16384,35.15026740002213,non_dominated,[],[],0.01
boundary_bpe-16384,boundary_bpe,16384,stratum,flores200,yo,complete,1.83841684822077,0.29048656499636893,2754,16384,81.80001249999623,non_dominated,[],[],0.01
uniq_superbpe_r64-16384,uniq_superbpe_r64,16384,stratum,flores200,yo,complete,2.0818256578947367,0.41118421052631576,2432,16384,164.34531380000408,non_dominated,[],[],0.01
sp_unigram-32768,sp_unigram,32768,stratum,flores200,yo,complete,2.2552338530066813,0.35634743875278396,2245,32768,23.030076499999268,non_dominated,[],[],0.01
boundary_bpe-32768,boundary_bpe,32768,stratum,flores200,yo,complete,1.977734375,0.3125,2560,32768,111.00910029999795,non_dominated,[],[],0.01
uniq_superbpe_r64-32768,uniq_superbpe_r64,32768,stratum,flores200,yo,complete,2.1590618336886993,0.42643923240938164,2345,32768,177.08818469999824,dominated,"[""sp_unigram-32768""]",[],0.01
sp_unigram-65536,sp_unigram,65536,stratum,flores200,yo,complete,2.600410888546482,0.4108885464817668,1947,65536,12.838991500000702,non_dominated,[],[],0.01
boundary_bpe-65536,boundary_bpe,65536,stratum,flores200,yo,complete,2.112223612849395,0.3337505214851898,2397,65536,110.46809020001092,non_dominated,[],[],0.01
uniq_superbpe_r64-65536,uniq_superbpe_r64,65536,stratum,flores200,yo,complete,2.373652133145804,0.46882325363338023,2133,65536,164.48556890001055,dominated,"[""sp_unigram-65536""]",[],0.01
boundary_bpe-131072,boundary_bpe,131072,stratum,flores200,yo,complete,2.14715860899067,0.33927056827820185,2358,131072,146.1055148000014,non_dominated,[],[],0.01
uniq_superbpe_r64-131072,uniq_superbpe_r64,131072,stratum,flores200,yo,complete,2.5251870324189527,0.49875311720698257,2005,131072,204.2958939000091,dominated,"[""sp_unigram-65536""]",[],0.01
sp_unigram-131072,sp_unigram,131072,stratum,flores200,yo,budget_not_reached,,,,,,not_classified_missing_condition,[],[],0.01
sp_unigram-8192,sp_unigram,8192,stratum,flores200,yo,complete,1.7537235885001732,0.27710426047800485,2887,8192,37.834285799995996,non_dominated,[],[],0.05
boundary_bpe-8192,boundary_bpe,8192,stratum,flores200,yo,complete,1.66,0.26229508196721313,3050,8192,53.92111880000448,non_dominated,[],[],0.05
uniq_superbpe_r64-8192,uniq_superbpe_r64,8192,stratum,flores200,yo,complete,1.7877824858757063,10.310734463276836,2832,8192,157.98209089998272,non_dominated,[],[],0.05
sp_unigram-16384,sp_unigram,16384,stratum,flores200,yo,complete,2.0139220365950674,0.31821797931583135,2514,16384,35.15026740002213,non_dominated,[],[],0.05
boundary_bpe-16384,boundary_bpe,16384,stratum,flores200,yo,complete,1.83841684822077,0.29048656499636893,2754,16384,81.80001249999623,non_dominated,[],[],0.05
uniq_superbpe_r64-16384,uniq_superbpe_r64,16384,stratum,flores200,yo,complete,2.0818256578947367,0.41118421052631576,2432,16384,164.34531380000408,non_dominated,[],[],0.05
sp_unigram-32768,sp_unigram,32768,stratum,flores200,yo,complete,2.2552338530066813,0.35634743875278396,2245,32768,23.030076499999268,non_dominated,[],[],0.05
boundary_bpe-32768,boundary_bpe,32768,stratum,flores200,yo,complete,1.977734375,0.3125,2560,32768,111.00910029999795,non_dominated,[],[],0.05
uniq_superbpe_r64-32768,uniq_superbpe_r64,32768,stratum,flores200,yo,complete,2.1590618336886993,0.42643923240938164,2345,32768,177.08818469999824,dominated,"[""sp_unigram-32768""]",[],0.05
sp_unigram-65536,sp_unigram,65536,stratum,flores200,yo,complete,2.600410888546482,0.4108885464817668,1947,65536,12.838991500000702,non_dominated,[],[],0.05
boundary_bpe-65536,boundary_bpe,65536,stratum,flores200,yo,complete,2.112223612849395,0.3337505214851898,2397,65536,110.46809020001092,non_dominated,[],[],0.05
uniq_superbpe_r64-65536,uniq_superbpe_r64,65536,stratum,flores200,yo,complete,2.373652133145804,0.46882325363338023,2133,65536,164.48556890001055,dominated,"[""sp_unigram-65536""]",[],0.05
boundary_bpe-131072,boundary_bpe,131072,stratum,flores200,yo,complete,2.14715860899067,0.33927056827820185,2358,131072,146.1055148000014,non_dominated,[],[],0.05
uniq_superbpe_r64-131072,uniq_superbpe_r64,131072,stratum,flores200,yo,complete,2.5251870324189527,0.49875311720698257,2005,131072,204.2958939000091,dominated,"[""sp_unigram-65536""]",[],0.05
sp_unigram-131072,sp_unigram,131072,stratum,flores200,yo,budget_not_reached,,,,,,not_classified_missing_condition,[],[],0.05
sp_unigram-8192,sp_unigram,8192,stratum,flores200,zh,complete,2.6101108033241,5.401662049861496,1444,8192,37.834285799995996,non_dominated,[],[],0.0
boundary_bpe-8192,boundary_bpe,8192,stratum,flores200,zh,complete,2.586822237474262,5.353466026080988,1457,8192,53.92111880000448,non_dominated,[],[],0.0
uniq_superbpe_r64-8192,uniq_superbpe_r64,8192,stratum,flores200,zh,complete,2.6191799861014595,5.42043085476025,1439,8192,157.98209089998272,non_dominated,[],[],0.0
sp_unigram-16384,sp_unigram,16384,stratum,flores200,zh,complete,2.7510948905109487,5.693430656934306,1370,16384,35.15026740002213,non_dominated,[],[],0.0
boundary_bpe-16384,boundary_bpe,16384,stratum,flores200,zh,complete,2.7212996389891697,5.631768953068592,1385,16384,81.80001249999623,non_dominated,[],[],0.0
uniq_superbpe_r64-16384,uniq_superbpe_r64,16384,stratum,flores200,zh,complete,2.7212996389891697,5.631768953068592,1385,16384,164.34531380000408,dominated,"[""boundary_bpe-16384""]",[],0.0
sp_unigram-32768,sp_unigram,32768,stratum,flores200,zh,complete,2.8903374233128836,5.9815950920245395,1304,32768,23.030076499999268,non_dominated,[],[],0.0
boundary_bpe-32768,boundary_bpe,32768,stratum,flores200,zh,complete,2.840241145440844,5.87792012057272,1327,32768,111.00910029999795,non_dominated,[],[],0.0
uniq_superbpe_r64-32768,uniq_superbpe_r64,32768,stratum,flores200,zh,complete,2.781549815498155,5.756457564575646,1355,32768,177.08818469999824,non_dominated,[],[],0.0
sp_unigram-65536,sp_unigram,65536,stratum,flores200,zh,complete,3.071719641401793,6.356968215158925,1227,65536,12.838991500000702,non_dominated,[],[],0.0
boundary_bpe-65536,boundary_bpe,65536,stratum,flores200,zh,complete,2.996025437201908,6.200317965023848,1258,65536,110.46809020001092,non_dominated,[],[],0.0
uniq_superbpe_r64-65536,uniq_superbpe_r64,65536,stratum,flores200,zh,complete,2.8903374233128836,5.9815950920245395,1304,65536,164.48556890001055,dominated,"[""sp_unigram-32768""]",[],0.0
boundary_bpe-131072,boundary_bpe,131072,stratum,flores200,zh,complete,3.09695973705834,6.409202958093673,1217,131072,146.1055148000014,non_dominated,[],[],0.0
uniq_superbpe_r64-131072,uniq_superbpe_r64,131072,stratum,flores200,zh,complete,2.863981762917933,5.927051671732523,1316,131072,204.2958939000091,non_dominated,[],[],0.0
sp_unigram-131072,sp_unigram,131072,stratum,flores200,zh,budget_not_reached,,,,,,not_classified_missing_condition,[],[],0.0
sp_unigram-8192,sp_unigram,8192,stratum,flores200,zh,complete,2.6101108033241,5.401662049861496,1444,8192,37.834285799995996,non_dominated,[],[],0.01
boundary_bpe-8192,boundary_bpe,8192,stratum,flores200,zh,complete,2.586822237474262,5.353466026080988,1457,8192,53.92111880000448,non_dominated,[],[],0.01
uniq_superbpe_r64-8192,uniq_superbpe_r64,8192,stratum,flores200,zh,complete,2.6191799861014595,5.42043085476025,1439,8192,157.98209089998272,non_dominated,[],[],0.01
sp_unigram-16384,sp_unigram,16384,stratum,flores200,zh,complete,2.7510948905109487,5.693430656934306,1370,16384,35.15026740002213,non_dominated,[],[],0.01
boundary_bpe-16384,boundary_bpe,16384,stratum,flores200,zh,complete,2.7212996389891697,5.631768953068592,1385,16384,81.80001249999623,non_dominated,[],[],0.01
uniq_superbpe_r64-16384,uniq_superbpe_r64,16384,stratum,flores200,zh,complete,2.7212996389891697,5.631768953068592,1385,16384,164.34531380000408,dominated,"[""boundary_bpe-16384""]",[],0.01
sp_unigram-32768,sp_unigram,32768,stratum,flores200,zh,complete,2.8903374233128836,5.9815950920245395,1304,32768,23.030076499999268,non_dominated,[],[],0.01
boundary_bpe-32768,boundary_bpe,32768,stratum,flores200,zh,complete,2.840241145440844,5.87792012057272,1327,32768,111.00910029999795,non_dominated,[],[],0.01
uniq_superbpe_r64-32768,uniq_superbpe_r64,32768,stratum,flores200,zh,complete,2.781549815498155,5.756457564575646,1355,32768,177.08818469999824,non_dominated,[],[],0.01
sp_unigram-65536,sp_unigram,65536,stratum,flores200,zh,complete,3.071719641401793,6.356968215158925,1227,65536,12.838991500000702,non_dominated,[],[],0.01
boundary_bpe-65536,boundary_bpe,65536,stratum,flores200,zh,complete,2.996025437201908,6.200317965023848,1258,65536,110.46809020001092,non_dominated,[],[],0.01
uniq_superbpe_r64-65536,uniq_superbpe_r64,65536,stratum,flores200,zh,complete,2.8903374233128836,5.9815950920245395,1304,65536,164.48556890001055,dominated,"[""sp_unigram-32768""]",[],0.01
boundary_bpe-131072,boundary_bpe,131072,stratum,flores200,zh,complete,3.09695973705834,6.409202958093673,1217,131072,146.1055148000014,non_dominated,[],[],0.01
uniq_superbpe_r64-131072,uniq_superbpe_r64,131072,stratum,flores200,zh,complete,2.863981762917933,5.927051671732523,1316,131072,204.2958939000091,non_dominated,[],[],0.01
sp_unigram-131072,sp_unigram,131072,stratum,flores200,zh,budget_not_reached,,,,,,not_classified_missing_condition,[],[],0.01
sp_unigram-8192,sp_unigram,8192,stratum,flores200,zh,complete,2.6101108033241,5.401662049861496,1444,8192,37.834285799995996,non_dominated,[],[],0.05
boundary_bpe-8192,boundary_bpe,8192,stratum,flores200,zh,complete,2.586822237474262,5.353466026080988,1457,8192,53.92111880000448,non_dominated,[],[],0.05
uniq_superbpe_r64-8192,uniq_superbpe_r64,8192,stratum,flores200,zh,complete,2.6191799861014595,5.42043085476025,1439,8192,157.98209089998272,non_dominated,[],[],0.05
sp_unigram-16384,sp_unigram,16384,stratum,flores200,zh,complete,2.7510948905109487,5.693430656934306,1370,16384,35.15026740002213,non_dominated,[],[],0.05
boundary_bpe-16384,boundary_bpe,16384,stratum,flores200,zh,complete,2.7212996389891697,5.631768953068592,1385,16384,81.80001249999623,non_dominated,[],[],0.05
uniq_superbpe_r64-16384,uniq_superbpe_r64,16384,stratum,flores200,zh,complete,2.7212996389891697,5.631768953068592,1385,16384,164.34531380000408,dominated,"[""boundary_bpe-16384""]",[],0.05
sp_unigram-32768,sp_unigram,32768,stratum,flores200,zh,complete,2.8903374233128836,5.9815950920245395,1304,32768,23.030076499999268,non_dominated,[],[],0.05
boundary_bpe-32768,boundary_bpe,32768,stratum,flores200,zh,complete,2.840241145440844,5.87792012057272,1327,32768,111.00910029999795,non_dominated,[],[],0.05
uniq_superbpe_r64-32768,uniq_superbpe_r64,32768,stratum,flores200,zh,complete,2.781549815498155,5.756457564575646,1355,32768,177.08818469999824,non_dominated,[],[],0.05
sp_unigram-65536,sp_unigram,65536,stratum,flores200,zh,complete,3.071719641401793,6.356968215158925,1227,65536,12.838991500000702,non_dominated,[],[],0.05
boundary_bpe-65536,boundary_bpe,65536,stratum,flores200,zh,complete,2.996025437201908,6.200317965023848,1258,65536,110.46809020001092,non_dominated,[],[],0.05
uniq_superbpe_r64-65536,uniq_superbpe_r64,65536,stratum,flores200,zh,complete,2.8903374233128836,5.9815950920245395,1304,65536,164.48556890001055,dominated,"[""sp_unigram-32768""]",[],0.05
boundary_bpe-131072,boundary_bpe,131072,stratum,flores200,zh,complete,3.09695973705834,6.409202958093673,1217,131072,146.1055148000014,non_dominated,[],[],0.05
uniq_superbpe_r64-131072,uniq_superbpe_r64,131072,stratum,flores200,zh,complete,2.863981762917933,5.927051671732523,1316,131072,204.2958939000091,non_dominated,[],[],0.05
sp_unigram-131072,sp_unigram,131072,stratum,flores200,zh,budget_not_reached,,,,,,not_classified_missing_condition,[],[],0.05
